--
-- PostgreSQL database dump
--

-- Dumped from database version 16.2 (Debian 16.2-1.pgdg120+2)
-- Dumped by pg_dump version 16.2 (Debian 16.2-1.pgdg120+2)

SET statement_timeout = 0;
SET lock_timeout = 0;
SET idle_in_transaction_session_timeout = 0;
SET client_encoding = 'UTF8';
SET standard_conforming_strings = on;
SELECT pg_catalog.set_config('search_path', '', false);
SET check_function_bodies = false;
SET xmloption = content;
SET client_min_messages = warning;
SET row_security = off;

SET default_tablespace = '';

SET default_table_access_method = heap;

--
-- Name: auth_group; Type: TABLE; Schema: public; Owner: postgres
--

CREATE TABLE public.auth_group (
    id integer NOT NULL,
    name character varying(150) NOT NULL
);


ALTER TABLE public.auth_group OWNER TO postgres;

--
-- Name: auth_group_id_seq; Type: SEQUENCE; Schema: public; Owner: postgres
--

ALTER TABLE public.auth_group ALTER COLUMN id ADD GENERATED BY DEFAULT AS IDENTITY (
    SEQUENCE NAME public.auth_group_id_seq
    START WITH 1
    INCREMENT BY 1
    NO MINVALUE
    NO MAXVALUE
    CACHE 1
);


--
-- Name: auth_group_permissions; Type: TABLE; Schema: public; Owner: postgres
--

CREATE TABLE public.auth_group_permissions (
    id bigint NOT NULL,
    group_id integer NOT NULL,
    permission_id integer NOT NULL
);


ALTER TABLE public.auth_group_permissions OWNER TO postgres;

--
-- Name: auth_group_permissions_id_seq; Type: SEQUENCE; Schema: public; Owner: postgres
--

ALTER TABLE public.auth_group_permissions ALTER COLUMN id ADD GENERATED BY DEFAULT AS IDENTITY (
    SEQUENCE NAME public.auth_group_permissions_id_seq
    START WITH 1
    INCREMENT BY 1
    NO MINVALUE
    NO MAXVALUE
    CACHE 1
);


--
-- Name: auth_permission; Type: TABLE; Schema: public; Owner: postgres
--

CREATE TABLE public.auth_permission (
    id integer NOT NULL,
    name character varying(255) NOT NULL,
    content_type_id integer NOT NULL,
    codename character varying(100) NOT NULL
);


ALTER TABLE public.auth_permission OWNER TO postgres;

--
-- Name: auth_permission_id_seq; Type: SEQUENCE; Schema: public; Owner: postgres
--

ALTER TABLE public.auth_permission ALTER COLUMN id ADD GENERATED BY DEFAULT AS IDENTITY (
    SEQUENCE NAME public.auth_permission_id_seq
    START WITH 1
    INCREMENT BY 1
    NO MINVALUE
    NO MAXVALUE
    CACHE 1
);


--
-- Name: auth_user; Type: TABLE; Schema: public; Owner: postgres
--

CREATE TABLE public.auth_user (
    id integer NOT NULL,
    password character varying(128) NOT NULL,
    last_login timestamp with time zone,
    is_superuser boolean NOT NULL,
    username character varying(150) NOT NULL,
    first_name character varying(150) NOT NULL,
    last_name character varying(150) NOT NULL,
    email character varying(254) NOT NULL,
    is_staff boolean NOT NULL,
    is_active boolean NOT NULL,
    date_joined timestamp with time zone NOT NULL
);


ALTER TABLE public.auth_user OWNER TO postgres;

--
-- Name: auth_user_groups; Type: TABLE; Schema: public; Owner: postgres
--

CREATE TABLE public.auth_user_groups (
    id bigint NOT NULL,
    user_id integer NOT NULL,
    group_id integer NOT NULL
);


ALTER TABLE public.auth_user_groups OWNER TO postgres;

--
-- Name: auth_user_groups_id_seq; Type: SEQUENCE; Schema: public; Owner: postgres
--

ALTER TABLE public.auth_user_groups ALTER COLUMN id ADD GENERATED BY DEFAULT AS IDENTITY (
    SEQUENCE NAME public.auth_user_groups_id_seq
    START WITH 1
    INCREMENT BY 1
    NO MINVALUE
    NO MAXVALUE
    CACHE 1
);


--
-- Name: auth_user_id_seq; Type: SEQUENCE; Schema: public; Owner: postgres
--

ALTER TABLE public.auth_user ALTER COLUMN id ADD GENERATED BY DEFAULT AS IDENTITY (
    SEQUENCE NAME public.auth_user_id_seq
    START WITH 1
    INCREMENT BY 1
    NO MINVALUE
    NO MAXVALUE
    CACHE 1
);


--
-- Name: auth_user_user_permissions; Type: TABLE; Schema: public; Owner: postgres
--

CREATE TABLE public.auth_user_user_permissions (
    id bigint NOT NULL,
    user_id integer NOT NULL,
    permission_id integer NOT NULL
);


ALTER TABLE public.auth_user_user_permissions OWNER TO postgres;

--
-- Name: auth_user_user_permissions_id_seq; Type: SEQUENCE; Schema: public; Owner: postgres
--

ALTER TABLE public.auth_user_user_permissions ALTER COLUMN id ADD GENERATED BY DEFAULT AS IDENTITY (
    SEQUENCE NAME public.auth_user_user_permissions_id_seq
    START WITH 1
    INCREMENT BY 1
    NO MINVALUE
    NO MAXVALUE
    CACHE 1
);


--
-- Name: django_admin_log; Type: TABLE; Schema: public; Owner: postgres
--

CREATE TABLE public.django_admin_log (
    id integer NOT NULL,
    action_time timestamp with time zone NOT NULL,
    object_id text,
    object_repr character varying(200) NOT NULL,
    action_flag smallint NOT NULL,
    change_message text NOT NULL,
    content_type_id integer,
    user_id integer NOT NULL,
    CONSTRAINT django_admin_log_action_flag_check CHECK ((action_flag >= 0))
);


ALTER TABLE public.django_admin_log OWNER TO postgres;

--
-- Name: django_admin_log_id_seq; Type: SEQUENCE; Schema: public; Owner: postgres
--

ALTER TABLE public.django_admin_log ALTER COLUMN id ADD GENERATED BY DEFAULT AS IDENTITY (
    SEQUENCE NAME public.django_admin_log_id_seq
    START WITH 1
    INCREMENT BY 1
    NO MINVALUE
    NO MAXVALUE
    CACHE 1
);


--
-- Name: django_content_type; Type: TABLE; Schema: public; Owner: postgres
--

CREATE TABLE public.django_content_type (
    id integer NOT NULL,
    app_label character varying(100) NOT NULL,
    model character varying(100) NOT NULL
);


ALTER TABLE public.django_content_type OWNER TO postgres;

--
-- Name: django_content_type_id_seq; Type: SEQUENCE; Schema: public; Owner: postgres
--

ALTER TABLE public.django_content_type ALTER COLUMN id ADD GENERATED BY DEFAULT AS IDENTITY (
    SEQUENCE NAME public.django_content_type_id_seq
    START WITH 1
    INCREMENT BY 1
    NO MINVALUE
    NO MAXVALUE
    CACHE 1
);


--
-- Name: django_migrations; Type: TABLE; Schema: public; Owner: postgres
--

CREATE TABLE public.django_migrations (
    id bigint NOT NULL,
    app character varying(255) NOT NULL,
    name character varying(255) NOT NULL,
    applied timestamp with time zone NOT NULL
);


ALTER TABLE public.django_migrations OWNER TO postgres;

--
-- Name: django_migrations_id_seq; Type: SEQUENCE; Schema: public; Owner: postgres
--

ALTER TABLE public.django_migrations ALTER COLUMN id ADD GENERATED BY DEFAULT AS IDENTITY (
    SEQUENCE NAME public.django_migrations_id_seq
    START WITH 1
    INCREMENT BY 1
    NO MINVALUE
    NO MAXVALUE
    CACHE 1
);


--
-- Name: django_session; Type: TABLE; Schema: public; Owner: postgres
--

CREATE TABLE public.django_session (
    session_key character varying(40) NOT NULL,
    session_data text NOT NULL,
    expire_date timestamp with time zone NOT NULL
);


ALTER TABLE public.django_session OWNER TO postgres;

--
-- Name: modules_computerequipment_audit; Type: TABLE; Schema: public; Owner: postgres
--

CREATE TABLE public.modules_computerequipment_audit (
    id bigint NOT NULL,
    audit_date date,
    pantalla_check character varying(20),
    pantalla_notas text,
    teclado_check character varying(20),
    teclado_notas text,
    puertos_check character varying(20),
    puertos_notas text,
    cargador_check character varying(20),
    cargador_notas text,
    carcasa_check character varying(20),
    carcasa_notas text,
    limpieza_check character varying(20),
    fecha_ultima_limpieza date,
    general_notes text,
    is_checked boolean NOT NULL,
    is_visible boolean NOT NULL,
    created_at timestamp with time zone NOT NULL,
    updated_at timestamp with time zone NOT NULL,
    "computerSystem_id" bigint
);


ALTER TABLE public.modules_computerequipment_audit OWNER TO postgres;

--
-- Name: modules_computerequipment_audit_id_seq; Type: SEQUENCE; Schema: public; Owner: postgres
--

ALTER TABLE public.modules_computerequipment_audit ALTER COLUMN id ADD GENERATED BY DEFAULT AS IDENTITY (
    SEQUENCE NAME public.modules_computerequipment_audit_id_seq
    START WITH 1
    INCREMENT BY 1
    NO MINVALUE
    NO MAXVALUE
    CACHE 1
);


--
-- Name: modules_computerequipment_deliveries; Type: TABLE; Schema: public; Owner: postgres
--

CREATE TABLE public.modules_computerequipment_deliveries (
    id bigint NOT NULL,
    items text,
    responsibility_letter character varying(100),
    created_at timestamp with time zone NOT NULL,
    responsible_id integer NOT NULL
);


ALTER TABLE public.modules_computerequipment_deliveries OWNER TO postgres;

--
-- Name: modules_computerequipment_deliveries_id_seq; Type: SEQUENCE; Schema: public; Owner: postgres
--

ALTER TABLE public.modules_computerequipment_deliveries ALTER COLUMN id ADD GENERATED BY DEFAULT AS IDENTITY (
    SEQUENCE NAME public.modules_computerequipment_deliveries_id_seq
    START WITH 1
    INCREMENT BY 1
    NO MINVALUE
    NO MAXVALUE
    CACHE 1
);


--
-- Name: modules_computerequipment_maintenance; Type: TABLE; Schema: public; Owner: postgres
--

CREATE TABLE public.modules_computerequipment_maintenance (
    id bigint NOT NULL,
    performed_by character varying(100),
    type character varying(100),
    cost numeric(10,2),
    actions text,
    document character varying(100),
    is_checked boolean NOT NULL,
    date date,
    created_at timestamp with time zone NOT NULL,
    "computerSystem_id" bigint,
    provider_id bigint,
    user_id integer
);


ALTER TABLE public.modules_computerequipment_maintenance OWNER TO postgres;

--
-- Name: modules_computerequipment_maintenance_id_seq; Type: SEQUENCE; Schema: public; Owner: postgres
--

ALTER TABLE public.modules_computerequipment_maintenance ALTER COLUMN id ADD GENERATED BY DEFAULT AS IDENTITY (
    SEQUENCE NAME public.modules_computerequipment_maintenance_id_seq
    START WITH 1
    INCREMENT BY 1
    NO MINVALUE
    NO MAXVALUE
    CACHE 1
);


--
-- Name: modules_computerequipment_responsiva; Type: TABLE; Schema: public; Owner: postgres
--

CREATE TABLE public.modules_computerequipment_responsiva (
    id bigint NOT NULL,
    items text,
    record text,
    responsibility_letter character varying(100),
    created_at timestamp with time zone NOT NULL,
    updated_at timestamp with time zone NOT NULL,
    area_id bigint,
    responsible_id integer NOT NULL
);


ALTER TABLE public.modules_computerequipment_responsiva OWNER TO postgres;

--
-- Name: modules_computerequipment_responsiva_id_seq; Type: SEQUENCE; Schema: public; Owner: postgres
--

ALTER TABLE public.modules_computerequipment_responsiva ALTER COLUMN id ADD GENERATED BY DEFAULT AS IDENTITY (
    SEQUENCE NAME public.modules_computerequipment_responsiva_id_seq
    START WITH 1
    INCREMENT BY 1
    NO MINVALUE
    NO MAXVALUE
    CACHE 1
);


--
-- Name: modules_computerperipheral; Type: TABLE; Schema: public; Owner: postgres
--

CREATE TABLE public.modules_computerperipheral (
    id bigint NOT NULL,
    name character varying(100),
    peripheral_type character varying(20),
    brand character varying(50),
    model character varying(50),
    serial_number character varying(50),
    description text,
    acquisition_date date,
    location character varying(100),
    peripheral_status character varying(20),
    comments text,
    company_id bigint,
    responsible_id integer
);


ALTER TABLE public.modules_computerperipheral OWNER TO postgres;

--
-- Name: modules_computerperipheral_id_seq; Type: SEQUENCE; Schema: public; Owner: postgres
--

ALTER TABLE public.modules_computerperipheral ALTER COLUMN id ADD GENERATED BY DEFAULT AS IDENTITY (
    SEQUENCE NAME public.modules_computerperipheral_id_seq
    START WITH 1
    INCREMENT BY 1
    NO MINVALUE
    NO MAXVALUE
    CACHE 1
);


--
-- Name: modules_computersystem; Type: TABLE; Schema: public; Owner: postgres
--

CREATE TABLE public.modules_computersystem (
    id bigint NOT NULL,
    is_active boolean NOT NULL,
    serial_number character varying(50),
    name character varying(100),
    equipment_type character varying(20),
    so character varying(20),
    brand character varying(50),
    model character varying(50),
    processor character varying(50),
    num_cores integer,
    processor_speed double precision,
    architecture character varying(20),
    disk_type character varying(100),
    disk_capacity character varying(20),
    ram integer,
    ram_type character varying(20),
    ram_speed integer,
    graphics_card character varying(100),
    color character varying(20),
    battery character varying(50),
    warranty character varying(50),
    location character varying(100),
    equipment_status character varying(20),
    last_maintenance_date date,
    comments text,
    area_id bigint,
    company_id bigint,
    current_responsible_id integer,
    previous_responsible_id integer
);


ALTER TABLE public.modules_computersystem OWNER TO postgres;

--
-- Name: modules_computersystem_id_seq; Type: SEQUENCE; Schema: public; Owner: postgres
--

ALTER TABLE public.modules_computersystem ALTER COLUMN id ADD GENERATED BY DEFAULT AS IDENTITY (
    SEQUENCE NAME public.modules_computersystem_id_seq
    START WITH 1
    INCREMENT BY 1
    NO MINVALUE
    NO MAXVALUE
    CACHE 1
);


--
-- Name: modules_infrastructure; Type: TABLE; Schema: public; Owner: postgres
--

CREATE TABLE public.modules_infrastructure (
    id bigint NOT NULL,
    type text,
    state text,
    cost numeric(10,2) NOT NULL,
    notes text,
    created_at timestamp with time zone NOT NULL,
    updated_at timestamp with time zone NOT NULL,
    company_id bigint,
    provider_id bigint,
    responsible_id integer NOT NULL
);


ALTER TABLE public.modules_infrastructure OWNER TO postgres;

--
-- Name: modules_infrastructure_category; Type: TABLE; Schema: public; Owner: postgres
--

CREATE TABLE public.modules_infrastructure_category (
    id bigint NOT NULL,
    name character varying(128),
    short_name character varying(48),
    is_active boolean NOT NULL,
    description text,
    created_at timestamp with time zone NOT NULL,
    updated_at timestamp with time zone NOT NULL
);


ALTER TABLE public.modules_infrastructure_category OWNER TO postgres;

--
-- Name: modules_infrastructure_category_id_seq; Type: SEQUENCE; Schema: public; Owner: postgres
--

ALTER TABLE public.modules_infrastructure_category ALTER COLUMN id ADD GENERATED BY DEFAULT AS IDENTITY (
    SEQUENCE NAME public.modules_infrastructure_category_id_seq
    START WITH 1
    INCREMENT BY 1
    NO MINVALUE
    NO MAXVALUE
    CACHE 1
);


--
-- Name: modules_infrastructure_id_seq; Type: SEQUENCE; Schema: public; Owner: postgres
--

ALTER TABLE public.modules_infrastructure ALTER COLUMN id ADD GENERATED BY DEFAULT AS IDENTITY (
    SEQUENCE NAME public.modules_infrastructure_id_seq
    START WITH 1
    INCREMENT BY 1
    NO MINVALUE
    NO MAXVALUE
    CACHE 1
);


--
-- Name: modules_infrastructure_item; Type: TABLE; Schema: public; Owner: postgres
--

CREATE TABLE public.modules_infrastructure_item (
    id bigint NOT NULL,
    name character varying(128) NOT NULL,
    description text,
    quantity integer NOT NULL,
    is_active boolean NOT NULL,
    start_date date,
    time_quantity integer,
    time_unit character varying(50),
    created_at timestamp with time zone NOT NULL,
    updated_at timestamp with time zone NOT NULL,
    category_id bigint NOT NULL,
    company_id bigint,
    CONSTRAINT modules_infrastructure_item_quantity_check CHECK ((quantity >= 0)),
    CONSTRAINT modules_infrastructure_item_time_quantity_check CHECK ((time_quantity >= 0))
);


ALTER TABLE public.modules_infrastructure_item OWNER TO postgres;

--
-- Name: modules_infrastructure_item_id_seq; Type: SEQUENCE; Schema: public; Owner: postgres
--

ALTER TABLE public.modules_infrastructure_item ALTER COLUMN id ADD GENERATED BY DEFAULT AS IDENTITY (
    SEQUENCE NAME public.modules_infrastructure_item_id_seq
    START WITH 1
    INCREMENT BY 1
    NO MINVALUE
    NO MAXVALUE
    CACHE 1
);


--
-- Name: modules_infrastructure_review; Type: TABLE; Schema: public; Owner: postgres
--

CREATE TABLE public.modules_infrastructure_review (
    id bigint NOT NULL,
    checked character varying(20),
    notes text,
    date date,
    file character varying(100),
    created_at timestamp with time zone NOT NULL,
    updated_at timestamp with time zone NOT NULL,
    category_id bigint NOT NULL,
    item_id bigint NOT NULL,
    reviewer_id integer
);


ALTER TABLE public.modules_infrastructure_review OWNER TO postgres;

--
-- Name: modules_infrastructure_review_id_seq; Type: SEQUENCE; Schema: public; Owner: postgres
--

ALTER TABLE public.modules_infrastructure_review ALTER COLUMN id ADD GENERATED BY DEFAULT AS IDENTITY (
    SEQUENCE NAME public.modules_infrastructure_review_id_seq
    START WITH 1
    INCREMENT BY 1
    NO MINVALUE
    NO MAXVALUE
    CACHE 1
);


--
-- Name: modules_software; Type: TABLE; Schema: public; Owner: postgres
--

CREATE TABLE public.modules_software (
    id bigint NOT NULL,
    function character varying(34),
    name character varying(100) NOT NULL,
    version character varying(50),
    description text,
    software_type character varying(10) NOT NULL,
    is_unlimited boolean NOT NULL,
    max_installations integer,
    installation_count integer NOT NULL,
    company_id bigint
);


ALTER TABLE public.modules_software OWNER TO postgres;

--
-- Name: modules_software_id_seq; Type: SEQUENCE; Schema: public; Owner: postgres
--

ALTER TABLE public.modules_software ALTER COLUMN id ADD GENERATED BY DEFAULT AS IDENTITY (
    SEQUENCE NAME public.modules_software_id_seq
    START WITH 1
    INCREMENT BY 1
    NO MINVALUE
    NO MAXVALUE
    CACHE 1
);


--
-- Name: modules_softwareinstallation; Type: TABLE; Schema: public; Owner: postgres
--

CREATE TABLE public.modules_softwareinstallation (
    id bigint NOT NULL,
    software_identifier character varying(100) NOT NULL,
    installation_date date NOT NULL,
    "computerSystem_id" bigint NOT NULL,
    software_id bigint
);


ALTER TABLE public.modules_softwareinstallation OWNER TO postgres;

--
-- Name: modules_softwareinstallation_id_seq; Type: SEQUENCE; Schema: public; Owner: postgres
--

ALTER TABLE public.modules_softwareinstallation ALTER COLUMN id ADD GENERATED BY DEFAULT AS IDENTITY (
    SEQUENCE NAME public.modules_softwareinstallation_id_seq
    START WITH 1
    INCREMENT BY 1
    NO MINVALUE
    NO MAXVALUE
    CACHE 1
);


--
-- Name: modules_vehicle; Type: TABLE; Schema: public; Owner: postgres
--

CREATE TABLE public.modules_vehicle (
    id bigint NOT NULL,
    is_active boolean NOT NULL,
    image_path character varying(100),
    name character varying(64),
    state character varying(64),
    plate character varying(10) NOT NULL,
    model character varying(100),
    year integer,
    serial_number character varying(100),
    brand character varying(100),
    color character varying(50),
    vehicle_type character varying(32),
    validity date,
    policy_number character varying(50),
    mileage numeric(10,2),
    insurance_company character varying(100),
    transmission_type character varying(32),
    created_at timestamp with time zone NOT NULL,
    company_id bigint,
    owner_id integer,
    responsible_id integer
);


ALTER TABLE public.modules_vehicle OWNER TO postgres;

--
-- Name: modules_vehicle_audit; Type: TABLE; Schema: public; Owner: postgres
--

CREATE TABLE public.modules_vehicle_audit (
    id bigint NOT NULL,
    audit_date date NOT NULL,
    check_interior character varying(20),
    notes_interior text,
    check_exterior character varying(20),
    notes_exterior text,
    check_tires character varying(20),
    notes_tires text,
    check_antifreeze_level character varying(20),
    check_fuel_level character varying(20),
    general_notes text,
    is_checked boolean NOT NULL,
    is_visible boolean NOT NULL,
    created_at timestamp with time zone NOT NULL,
    vehicle_id bigint
);


ALTER TABLE public.modules_vehicle_audit OWNER TO postgres;

--
-- Name: modules_vehicle_audit_id_seq; Type: SEQUENCE; Schema: public; Owner: postgres
--

ALTER TABLE public.modules_vehicle_audit ALTER COLUMN id ADD GENERATED BY DEFAULT AS IDENTITY (
    SEQUENCE NAME public.modules_vehicle_audit_id_seq
    START WITH 1
    INCREMENT BY 1
    NO MINVALUE
    NO MAXVALUE
    CACHE 1
);


--
-- Name: modules_vehicle_fuel; Type: TABLE; Schema: public; Owner: postgres
--

CREATE TABLE public.modules_vehicle_fuel (
    id bigint NOT NULL,
    payment_receipt character varying(100),
    fuel numeric(5,2),
    fuel_type text,
    cost numeric(10,2),
    notes text,
    date date,
    created_at timestamp with time zone NOT NULL,
    updated_at timestamp with time zone NOT NULL,
    responsible_id integer NOT NULL,
    vehicle_id bigint
);


ALTER TABLE public.modules_vehicle_fuel OWNER TO postgres;

--
-- Name: modules_vehicle_fuel_id_seq; Type: SEQUENCE; Schema: public; Owner: postgres
--

ALTER TABLE public.modules_vehicle_fuel ALTER COLUMN id ADD GENERATED BY DEFAULT AS IDENTITY (
    SEQUENCE NAME public.modules_vehicle_fuel_id_seq
    START WITH 1
    INCREMENT BY 1
    NO MINVALUE
    NO MAXVALUE
    CACHE 1
);


--
-- Name: modules_vehicle_id_seq; Type: SEQUENCE; Schema: public; Owner: postgres
--

ALTER TABLE public.modules_vehicle ALTER COLUMN id ADD GENERATED BY DEFAULT AS IDENTITY (
    SEQUENCE NAME public.modules_vehicle_id_seq
    START WITH 1
    INCREMENT BY 1
    NO MINVALUE
    NO MAXVALUE
    CACHE 1
);


--
-- Name: modules_vehicle_insurance; Type: TABLE; Schema: public; Owner: postgres
--

CREATE TABLE public.modules_vehicle_insurance (
    id bigint NOT NULL,
    policy_number character varying(50),
    insurance_company character varying(100) NOT NULL,
    cost numeric(10,2) NOT NULL,
    validity integer NOT NULL,
    start_date date,
    end_date date,
    doc character varying(100),
    created_at timestamp with time zone NOT NULL,
    responsible_id integer,
    vehicle_id bigint
);


ALTER TABLE public.modules_vehicle_insurance OWNER TO postgres;

--
-- Name: modules_vehicle_insurance_id_seq; Type: SEQUENCE; Schema: public; Owner: postgres
--

ALTER TABLE public.modules_vehicle_insurance ALTER COLUMN id ADD GENERATED BY DEFAULT AS IDENTITY (
    SEQUENCE NAME public.modules_vehicle_insurance_id_seq
    START WITH 1
    INCREMENT BY 1
    NO MINVALUE
    NO MAXVALUE
    CACHE 1
);


--
-- Name: modules_vehicle_maintenance; Type: TABLE; Schema: public; Owner: postgres
--

CREATE TABLE public.modules_vehicle_maintenance (
    id bigint NOT NULL,
    type character varying(32),
    date date,
    cost numeric(10,2),
    mileage numeric(10,2),
    "time" character varying(100),
    general_notes text,
    actions text,
    comprobante character varying(100),
    is_checked boolean NOT NULL,
    created_at timestamp with time zone NOT NULL,
    provider_id bigint,
    vehicle_id bigint
);


ALTER TABLE public.modules_vehicle_maintenance OWNER TO postgres;

--
-- Name: modules_vehicle_maintenance_id_seq; Type: SEQUENCE; Schema: public; Owner: postgres
--

ALTER TABLE public.modules_vehicle_maintenance ALTER COLUMN id ADD GENERATED BY DEFAULT AS IDENTITY (
    SEQUENCE NAME public.modules_vehicle_maintenance_id_seq
    START WITH 1
    INCREMENT BY 1
    NO MINVALUE
    NO MAXVALUE
    CACHE 1
);


--
-- Name: modules_vehicle_refrendo; Type: TABLE; Schema: public; Owner: postgres
--

CREATE TABLE public.modules_vehicle_refrendo (
    id bigint NOT NULL,
    monto numeric(10,2),
    fecha_pago date NOT NULL,
    comprobante_pago character varying(100),
    created_at timestamp with time zone NOT NULL,
    vehiculo_id bigint
);


ALTER TABLE public.modules_vehicle_refrendo OWNER TO postgres;

--
-- Name: modules_vehicle_refrendo_id_seq; Type: SEQUENCE; Schema: public; Owner: postgres
--

ALTER TABLE public.modules_vehicle_refrendo ALTER COLUMN id ADD GENERATED BY DEFAULT AS IDENTITY (
    SEQUENCE NAME public.modules_vehicle_refrendo_id_seq
    START WITH 1
    INCREMENT BY 1
    NO MINVALUE
    NO MAXVALUE
    CACHE 1
);


--
-- Name: modules_vehicle_responsive; Type: TABLE; Schema: public; Owner: postgres
--

CREATE TABLE public.modules_vehicle_responsive (
    id bigint NOT NULL,
    image_path_entry_1 character varying(100),
    image_path_entry_2 character varying(100),
    image_path_exit_1 character varying(100),
    image_path_exit_2 character varying(100),
    initial_mileage numeric(10,2),
    final_mileage numeric(10,2),
    initial_fuel numeric(10,2),
    final_fuel numeric(10,2),
    start_date timestamp with time zone,
    end_date timestamp with time zone,
    signature character varying(100),
    destination character varying(255),
    trip_purpose character varying(255),
    created_at timestamp with time zone NOT NULL,
    responsible_id integer,
    vehicle_id bigint
);


ALTER TABLE public.modules_vehicle_responsive OWNER TO postgres;

--
-- Name: modules_vehicle_responsive_id_seq; Type: SEQUENCE; Schema: public; Owner: postgres
--

ALTER TABLE public.modules_vehicle_responsive ALTER COLUMN id ADD GENERATED BY DEFAULT AS IDENTITY (
    SEQUENCE NAME public.modules_vehicle_responsive_id_seq
    START WITH 1
    INCREMENT BY 1
    NO MINVALUE
    NO MAXVALUE
    CACHE 1
);


--
-- Name: modules_vehicle_tenencia; Type: TABLE; Schema: public; Owner: postgres
--

CREATE TABLE public.modules_vehicle_tenencia (
    id bigint NOT NULL,
    monto numeric(10,2),
    fecha_pago date NOT NULL,
    comprobante_pago character varying(100),
    created_at timestamp with time zone NOT NULL,
    vehiculo_id bigint
);


ALTER TABLE public.modules_vehicle_tenencia OWNER TO postgres;

--
-- Name: modules_vehicle_tenencia_id_seq; Type: SEQUENCE; Schema: public; Owner: postgres
--

ALTER TABLE public.modules_vehicle_tenencia ALTER COLUMN id ADD GENERATED BY DEFAULT AS IDENTITY (
    SEQUENCE NAME public.modules_vehicle_tenencia_id_seq
    START WITH 1
    INCREMENT BY 1
    NO MINVALUE
    NO MAXVALUE
    CACHE 1
);


--
-- Name: modules_vehicle_verificacion; Type: TABLE; Schema: public; Owner: postgres
--

CREATE TABLE public.modules_vehicle_verificacion (
    id bigint NOT NULL,
    monto numeric(10,2),
    engomado character varying(50),
    periodo character varying(50),
    fecha_pago date NOT NULL,
    lugar character varying(100),
    comprobante_pago character varying(100),
    created_at timestamp with time zone NOT NULL,
    vehiculo_id bigint
);


ALTER TABLE public.modules_vehicle_verificacion OWNER TO postgres;

--
-- Name: modules_vehicle_verificacion_id_seq; Type: SEQUENCE; Schema: public; Owner: postgres
--

ALTER TABLE public.modules_vehicle_verificacion ALTER COLUMN id ADD GENERATED BY DEFAULT AS IDENTITY (
    SEQUENCE NAME public.modules_vehicle_verificacion_id_seq
    START WITH 1
    INCREMENT BY 1
    NO MINVALUE
    NO MAXVALUE
    CACHE 1
);


--
-- Name: users_area; Type: TABLE; Schema: public; Owner: postgres
--

CREATE TABLE public.users_area (
    id bigint NOT NULL,
    code character varying(10),
    name character varying(64) NOT NULL,
    description text,
    is_active boolean NOT NULL,
    created_at timestamp with time zone NOT NULL,
    company_id bigint
);


ALTER TABLE public.users_area OWNER TO postgres;

--
-- Name: users_area_id_seq; Type: SEQUENCE; Schema: public; Owner: postgres
--

ALTER TABLE public.users_area ALTER COLUMN id ADD GENERATED BY DEFAULT AS IDENTITY (
    SEQUENCE NAME public.users_area_id_seq
    START WITH 1
    INCREMENT BY 1
    NO MINVALUE
    NO MAXVALUE
    CACHE 1
);


--
-- Name: users_company; Type: TABLE; Schema: public; Owner: postgres
--

CREATE TABLE public.users_company (
    id bigint NOT NULL,
    name character varying(100) NOT NULL,
    address character varying(255) NOT NULL,
    created_at timestamp with time zone NOT NULL
);


ALTER TABLE public.users_company OWNER TO postgres;

--
-- Name: users_company_id_seq; Type: SEQUENCE; Schema: public; Owner: postgres
--

ALTER TABLE public.users_company ALTER COLUMN id ADD GENERATED BY DEFAULT AS IDENTITY (
    SEQUENCE NAME public.users_company_id_seq
    START WITH 1
    INCREMENT BY 1
    NO MINVALUE
    NO MAXVALUE
    CACHE 1
);


--
-- Name: users_module; Type: TABLE; Schema: public; Owner: postgres
--

CREATE TABLE public.users_module (
    id bigint NOT NULL,
    short_name character varying(32),
    name character varying(100) NOT NULL,
    description character varying(128),
    created_at timestamp with time zone NOT NULL
);


ALTER TABLE public.users_module OWNER TO postgres;

--
-- Name: users_module_id_seq; Type: SEQUENCE; Schema: public; Owner: postgres
--

ALTER TABLE public.users_module ALTER COLUMN id ADD GENERATED BY DEFAULT AS IDENTITY (
    SEQUENCE NAME public.users_module_id_seq
    START WITH 1
    INCREMENT BY 1
    NO MINVALUE
    NO MAXVALUE
    CACHE 1
);


--
-- Name: users_provider; Type: TABLE; Schema: public; Owner: postgres
--

CREATE TABLE public.users_provider (
    id bigint NOT NULL,
    name character varying(64) NOT NULL,
    phone_number character varying(20),
    address character varying(200),
    is_active boolean NOT NULL,
    company_id bigint
);


ALTER TABLE public.users_provider OWNER TO postgres;

--
-- Name: users_provider_id_seq; Type: SEQUENCE; Schema: public; Owner: postgres
--

ALTER TABLE public.users_provider ALTER COLUMN id ADD GENERATED BY DEFAULT AS IDENTITY (
    SEQUENCE NAME public.users_provider_id_seq
    START WITH 1
    INCREMENT BY 1
    NO MINVALUE
    NO MAXVALUE
    CACHE 1
);


--
-- Name: users_role; Type: TABLE; Schema: public; Owner: postgres
--

CREATE TABLE public.users_role (
    id bigint NOT NULL,
    name character varying(100) NOT NULL,
    level integer NOT NULL
);


ALTER TABLE public.users_role OWNER TO postgres;

--
-- Name: users_role_id_seq; Type: SEQUENCE; Schema: public; Owner: postgres
--

ALTER TABLE public.users_role ALTER COLUMN id ADD GENERATED BY DEFAULT AS IDENTITY (
    SEQUENCE NAME public.users_role_id_seq
    START WITH 1
    INCREMENT BY 1
    NO MINVALUE
    NO MAXVALUE
    CACHE 1
);


--
-- Name: users_submodule; Type: TABLE; Schema: public; Owner: postgres
--

CREATE TABLE public.users_submodule (
    id bigint NOT NULL,
    is_active boolean NOT NULL,
    short_name character varying(32),
    name character varying(100) NOT NULL,
    description character varying(128),
    icon character varying(255),
    link character varying(255),
    created_at timestamp with time zone NOT NULL,
    "superUserExclusive" boolean NOT NULL,
    module_id bigint NOT NULL
);


ALTER TABLE public.users_submodule OWNER TO postgres;

--
-- Name: users_submodule_id_seq; Type: SEQUENCE; Schema: public; Owner: postgres
--

ALTER TABLE public.users_submodule ALTER COLUMN id ADD GENERATED BY DEFAULT AS IDENTITY (
    SEQUENCE NAME public.users_submodule_id_seq
    START WITH 1
    INCREMENT BY 1
    NO MINVALUE
    NO MAXVALUE
    CACHE 1
);


--
-- Name: users_submodule_permission; Type: TABLE; Schema: public; Owner: postgres
--

CREATE TABLE public.users_submodule_permission (
    id bigint NOT NULL,
    "create" boolean NOT NULL,
    read boolean NOT NULL,
    update boolean NOT NULL,
    delete boolean NOT NULL,
    created_at timestamp with time zone NOT NULL,
    "subModule_id" bigint,
    user_id bigint NOT NULL,
    updated_at timestamp with time zone NOT NULL
);


ALTER TABLE public.users_submodule_permission OWNER TO postgres;

--
-- Name: users_submodule_permission_id_seq; Type: SEQUENCE; Schema: public; Owner: postgres
--

ALTER TABLE public.users_submodule_permission ALTER COLUMN id ADD GENERATED BY DEFAULT AS IDENTITY (
    SEQUENCE NAME public.users_submodule_permission_id_seq
    START WITH 1
    INCREMENT BY 1
    NO MINVALUE
    NO MAXVALUE
    CACHE 1
);


--
-- Name: users_user_access; Type: TABLE; Schema: public; Owner: postgres
--

CREATE TABLE public.users_user_access (
    id bigint NOT NULL,
    created_at timestamp with time zone NOT NULL,
    area_id bigint,
    company_id bigint,
    role_id bigint,
    user_id integer NOT NULL,
    updated_at timestamp with time zone NOT NULL
);


ALTER TABLE public.users_user_access OWNER TO postgres;

--
-- Name: users_user_access_id_seq; Type: SEQUENCE; Schema: public; Owner: postgres
--

ALTER TABLE public.users_user_access ALTER COLUMN id ADD GENERATED BY DEFAULT AS IDENTITY (
    SEQUENCE NAME public.users_user_access_id_seq
    START WITH 1
    INCREMENT BY 1
    NO MINVALUE
    NO MAXVALUE
    CACHE 1
);


--
-- Data for Name: auth_group; Type: TABLE DATA; Schema: public; Owner: postgres
--

COPY public.auth_group (id, name) FROM stdin;
\.


--
-- Data for Name: auth_group_permissions; Type: TABLE DATA; Schema: public; Owner: postgres
--

COPY public.auth_group_permissions (id, group_id, permission_id) FROM stdin;
\.


--
-- Data for Name: auth_permission; Type: TABLE DATA; Schema: public; Owner: postgres
--

COPY public.auth_permission (id, name, content_type_id, codename) FROM stdin;
125	Can add Vehículo	7	add_vehicle
126	Can change Vehículo	7	change_vehicle
127	Can delete Vehículo	7	delete_vehicle
128	Can view Vehículo	7	view_vehicle
129	Can add vehicle_ tenencia	8	add_vehicle_tenencia
130	Can change vehicle_ tenencia	8	change_vehicle_tenencia
131	Can delete vehicle_ tenencia	8	delete_vehicle_tenencia
132	Can view vehicle_ tenencia	8	view_vehicle_tenencia
133	Can add vehicle_ refrendo	9	add_vehicle_refrendo
134	Can change vehicle_ refrendo	9	change_vehicle_refrendo
135	Can delete vehicle_ refrendo	9	delete_vehicle_refrendo
136	Can view vehicle_ refrendo	9	view_vehicle_refrendo
137	Can add vehicle_ verificacion	10	add_vehicle_verificacion
138	Can change vehicle_ verificacion	10	change_vehicle_verificacion
139	Can delete vehicle_ verificacion	10	delete_vehicle_verificacion
140	Can view vehicle_ verificacion	10	view_vehicle_verificacion
141	Can add Responsiva de Vehículo	11	add_vehicle_responsive
142	Can change Responsiva de Vehículo	11	change_vehicle_responsive
143	Can delete Responsiva de Vehículo	11	delete_vehicle_responsive
144	Can view Responsiva de Vehículo	11	view_vehicle_responsive
145	Can add vehicle_ insurance	12	add_vehicle_insurance
146	Can change vehicle_ insurance	12	change_vehicle_insurance
147	Can delete vehicle_ insurance	12	delete_vehicle_insurance
148	Can view vehicle_ insurance	12	view_vehicle_insurance
149	Can add Auditoría de Vehículo	13	add_vehicle_audit
150	Can change Auditoría de Vehículo	13	change_vehicle_audit
151	Can delete Auditoría de Vehículo	13	delete_vehicle_audit
152	Can view Auditoría de Vehículo	13	view_vehicle_audit
153	Can add Mantenimiento de Vehículo	14	add_vehicle_maintenance
154	Can change Mantenimiento de Vehículo	14	change_vehicle_maintenance
155	Can delete Mantenimiento de Vehículo	14	delete_vehicle_maintenance
156	Can view Mantenimiento de Vehículo	14	view_vehicle_maintenance
157	Can add Equipo de Computo	15	add_computersystem
158	Can change Equipo de Computo	15	change_computersystem
159	Can delete Equipo de Computo	15	delete_computersystem
160	Can view Equipo de Computo	15	view_computersystem
161	Can add Periférico de Equipo de Computo	16	add_computerperipheral
162	Can change Periférico de Equipo de Computo	16	change_computerperipheral
163	Can delete Periférico de Equipo de Computo	16	delete_computerperipheral
164	Can view Periférico de Equipo de Computo	16	view_computerperipheral
165	Can add Software	17	add_software
166	Can change Software	17	change_software
167	Can delete Software	17	delete_software
168	Can view Software	17	view_software
169	Can add Instalación de Software	18	add_softwareinstallation
170	Can change Instalación de Software	18	change_softwareinstallation
171	Can delete Instalación de Software	18	delete_softwareinstallation
172	Can view Instalación de Software	18	view_softwareinstallation
173	Can add Mantenimiento de Equipo de Computo	19	add_computerequipment_maintenance
174	Can change Mantenimiento de Equipo de Computo	19	change_computerequipment_maintenance
175	Can delete Mantenimiento de Equipo de Computo	19	delete_computerequipment_maintenance
176	Can view Mantenimiento de Equipo de Computo	19	view_computerequipment_maintenance
177	Can add Auditoría de Equipo de Computo	20	add_computerequipment_audit
178	Can change Auditoría de Equipo de Computo	20	change_computerequipment_audit
179	Can delete Auditoría de Equipo de Computo	20	delete_computerequipment_audit
180	Can view Auditoría de Equipo de Computo	20	view_computerequipment_audit
181	Can add Responsiva de Equipo de Computo	21	add_computerequipment_responsiva
182	Can change Responsiva de Equipo de Computo	21	change_computerequipment_responsiva
183	Can delete Responsiva de Equipo de Computo	21	delete_computerequipment_responsiva
184	Can view Responsiva de Equipo de Computo	21	view_computerequipment_responsiva
185	Can add Entrega de Equipo de Computo	22	add_computerequipment_deliveries
186	Can change Entrega de Equipo de Computo	22	change_computerequipment_deliveries
187	Can delete Entrega de Equipo de Computo	22	delete_computerequipment_deliveries
188	Can view Entrega de Equipo de Computo	22	view_computerequipment_deliveries
189	Can add Infraestructura	23	add_infrastructure
190	Can change Infraestructura	23	change_infrastructure
191	Can delete Infraestructura	23	delete_infrastructure
192	Can view Infraestructura	23	view_infrastructure
193	Can add role	27	add_role
194	Can change role	27	change_role
195	Can delete role	27	delete_role
196	Can view role	27	view_role
197	Can add Empresa	25	add_company
198	Can change Empresa	25	change_company
199	Can delete Empresa	25	delete_company
200	Can view Empresa	25	view_company
201	Can add Área	24	add_area
202	Can change Área	24	change_area
203	Can delete Área	24	delete_area
204	Can view Área	24	view_area
205	Can add Acceso de Usuario	29	add_user_access
206	Can change Acceso de Usuario	29	change_user_access
207	Can delete Acceso de Usuario	29	delete_user_access
208	Can view Acceso de Usuario	29	view_user_access
209	Can add module	26	add_module
210	Can change module	26	change_module
211	Can delete module	26	delete_module
212	Can view module	26	view_module
213	Can add sub module	28	add_submodule
214	Can change sub module	28	change_submodule
215	Can delete sub module	28	delete_submodule
216	Can view sub module	28	view_submodule
117	Can add sub module_ permission	30	add_submodule_permission
118	Can change sub module_ permission	30	change_submodule_permission
119	Can delete sub module_ permission	30	delete_submodule_permission
120	Can view sub module_ permission	30	view_submodule_permission
121	Can add Proveedor	31	add_provider
122	Can change Proveedor	31	change_provider
123	Can delete Proveedor	31	delete_provider
124	Can view Proveedor	31	view_provider
1	Can add log entry	1	add_logentry
2	Can change log entry	1	change_logentry
3	Can delete log entry	1	delete_logentry
4	Can view log entry	1	view_logentry
5	Can add permission	2	add_permission
6	Can change permission	2	change_permission
7	Can delete permission	2	delete_permission
8	Can view permission	2	view_permission
9	Can add group	3	add_group
10	Can change group	3	change_group
11	Can delete group	3	delete_group
12	Can view group	3	view_group
13	Can add user	4	add_user
14	Can change user	4	change_user
15	Can delete user	4	delete_user
16	Can view user	4	view_user
17	Can add content type	5	add_contenttype
18	Can change content type	5	change_contenttype
19	Can delete content type	5	delete_contenttype
20	Can view content type	5	view_contenttype
21	Can add session	6	add_session
22	Can change session	6	change_session
23	Can delete session	6	delete_session
24	Can view session	6	view_session
25	Can add company	7	add_company
26	Can change company	7	change_company
27	Can delete company	7	delete_company
28	Can view company	7	view_company
29	Can add module	8	add_module
30	Can change module	8	change_module
31	Can delete module	8	delete_module
32	Can view module	8	view_module
33	Can add role	9	add_role
34	Can change role	9	change_role
35	Can delete role	9	delete_role
36	Can view role	9	view_role
37	Can add user_ access	10	add_user_access
38	Can change user_ access	10	change_user_access
39	Can delete user_ access	10	delete_user_access
40	Can view user_ access	10	view_user_access
41	Can add module_ permission	11	add_module_permission
42	Can change module_ permission	11	change_module_permission
43	Can delete module_ permission	11	delete_module_permission
44	Can view module_ permission	11	view_module_permission
45	Can add sub module_ permission	12	add_submodule_permission
46	Can change sub module_ permission	12	change_submodule_permission
47	Can delete sub module_ permission	12	delete_submodule_permission
48	Can view sub module_ permission	12	view_submodule_permission
49	Can add sub module	13	add_submodule
50	Can change sub module	13	change_submodule
51	Can delete sub module	13	delete_submodule
52	Can view sub module	13	view_submodule
53	Can add module_ vehicle	14	add_module_vehicle
54	Can change module_ vehicle	14	change_module_vehicle
55	Can delete module_ vehicle	14	delete_module_vehicle
56	Can view module_ vehicle	14	view_module_vehicle
57	Can add module_ vehicle_vrt	15	add_module_vehicle_vrt
58	Can change module_ vehicle_vrt	15	change_module_vehicle_vrt
59	Can delete module_ vehicle_vrt	15	delete_module_vehicle_vrt
60	Can view module_ vehicle_vrt	15	view_module_vehicle_vrt
61	Can add module_ vehicle_ tenencia	16	add_module_vehicle_tenencia
62	Can change module_ vehicle_ tenencia	16	change_module_vehicle_tenencia
63	Can delete module_ vehicle_ tenencia	16	delete_module_vehicle_tenencia
64	Can view module_ vehicle_ tenencia	16	view_module_vehicle_tenencia
65	Can add module_ vehicle_vr	17	add_module_vehicle_vr
66	Can change module_ vehicle_vr	17	change_module_vehicle_vr
67	Can delete module_ vehicle_vr	17	delete_module_vehicle_vr
68	Can view module_ vehicle_vr	17	view_module_vehicle_vr
69	Can add module_ vehicle_ responsive	18	add_module_vehicle_responsive
70	Can change module_ vehicle_ responsive	18	change_module_vehicle_responsive
71	Can delete module_ vehicle_ responsive	18	delete_module_vehicle_responsive
72	Can view module_ vehicle_ responsive	18	view_module_vehicle_responsive
73	Can add module_ vehicle_ verificacion	19	add_module_vehicle_verificacion
74	Can change module_ vehicle_ verificacion	19	change_module_vehicle_verificacion
75	Can delete module_ vehicle_ verificacion	19	delete_module_vehicle_verificacion
76	Can view module_ vehicle_ verificacion	19	view_module_vehicle_verificacion
77	Can add module_ vehicle_ refrendo	20	add_module_vehicle_refrendo
78	Can change module_ vehicle_ refrendo	20	change_module_vehicle_refrendo
79	Can delete module_ vehicle_ refrendo	20	delete_module_vehicle_refrendo
80	Can view module_ vehicle_ refrendo	20	view_module_vehicle_refrendo
81	Can add vehicle_ responsive	21	add_vehicle_responsive
82	Can change vehicle_ responsive	21	change_vehicle_responsive
83	Can delete vehicle_ responsive	21	delete_vehicle_responsive
84	Can view vehicle_ responsive	21	view_vehicle_responsive
85	Can add vehicle	14	add_vehicle
86	Can change vehicle	14	change_vehicle
87	Can delete vehicle	14	delete_vehicle
88	Can view vehicle	14	view_vehicle
89	Can add vehicle_ refrendo	20	add_vehicle_refrendo
90	Can change vehicle_ refrendo	20	change_vehicle_refrendo
91	Can delete vehicle_ refrendo	20	delete_vehicle_refrendo
92	Can view vehicle_ refrendo	20	view_vehicle_refrendo
93	Can add vehicle_ tenencia	16	add_vehicle_tenencia
94	Can change vehicle_ tenencia	16	change_vehicle_tenencia
95	Can delete vehicle_ tenencia	16	delete_vehicle_tenencia
96	Can view vehicle_ tenencia	16	view_vehicle_tenencia
97	Can add vehicle_ verificacion	19	add_vehicle_verificacion
98	Can change vehicle_ verificacion	19	change_vehicle_verificacion
99	Can delete vehicle_ verificacion	19	delete_vehicle_verificacion
100	Can view vehicle_ verificacion	19	view_vehicle_verificacion
101	Can add vehicle_ insurance	22	add_vehicle_insurance
102	Can change vehicle_ insurance	22	change_vehicle_insurance
103	Can delete vehicle_ insurance	22	delete_vehicle_insurance
104	Can view vehicle_ insurance	22	view_vehicle_insurance
105	Can add vehicle_ audit	23	add_vehicle_audit
106	Can change vehicle_ audit	23	change_vehicle_audit
107	Can delete vehicle_ audit	23	delete_vehicle_audit
108	Can view vehicle_ audit	23	view_vehicle_audit
109	Can add vehicle_ maintenance	24	add_vehicle_maintenance
110	Can change vehicle_ maintenance	24	change_vehicle_maintenance
111	Can delete vehicle_ maintenance	24	delete_vehicle_maintenance
112	Can view vehicle_ maintenance	24	view_vehicle_maintenance
113	Can add provider	25	add_provider
114	Can change provider	25	change_provider
115	Can delete provider	25	delete_provider
116	Can view provider	25	view_provider
217	Can add Gasolina del Vehículo	32	add_vehicle_fuel
218	Can change Gasolina del Vehículo	32	change_vehicle_fuel
219	Can delete Gasolina del Vehículo	32	delete_vehicle_fuel
220	Can view Gasolina del Vehículo	32	view_vehicle_fuel
221	Can add Categoría de Infraestructura	33	add_infrastructure_category
222	Can change Categoría de Infraestructura	33	change_infrastructure_category
223	Can delete Categoría de Infraestructura	33	delete_infrastructure_category
224	Can view Categoría de Infraestructura	33	view_infrastructure_category
225	Can add Item de Infraestructura	34	add_infrastructure_item
226	Can change Item de Infraestructura	34	change_infrastructure_item
227	Can delete Item de Infraestructura	34	delete_infrastructure_item
228	Can view Item de Infraestructura	34	view_infrastructure_item
229	Can add revisión de la Infraestructura	35	add_infrastructure_review
230	Can change revisión de la Infraestructura	35	change_infrastructure_review
231	Can delete revisión de la Infraestructura	35	delete_infrastructure_review
232	Can view revisión de la Infraestructura	35	view_infrastructure_review
\.


--
-- Data for Name: auth_user; Type: TABLE DATA; Schema: public; Owner: postgres
--

COPY public.auth_user (id, password, last_login, is_superuser, username, first_name, last_name, email, is_staff, is_active, date_joined) FROM stdin;
7	pbkdf2_sha256$600000$f7yx2ydI3dFuCNerEqgdfV$6QPk+jKbJ9//o3CSjM0/VnzKZ9eip4Tuh7vIufY6DNg=	\N	f	Cris.Cuamatzi	Cris	Cuamatzi	cris.cuamatzi@tenergy.com.mx	f	t	2024-05-24 21:56:04.939+00
8	pbkdf2_sha256$600000$VmBaffdTGz9Jd1YPwD0FKe$2D2KQHeX3G6CzPEHBk4cPT1htpry8MOQfbJNnqe17GU=	\N	f	Juan.Gonzalez	Juan	Gonzalez	juan.gonzalez@tenergy.com.mx	f	t	2024-05-24 21:56:32.682+00
9	pbkdf2_sha256$600000$6q6J5vwxr0TwvzVjvCIbYR$F4vRUcY/SKNNyV9038Utb2JRPFJaRZjYAvkXLRQVLU4=	\N	f	Ana Guerrero	ANA	GUERRERO	ana.guerrero@tenergy.com.mx	f	t	2024-05-30 17:28:52.643+00
10	pbkdf2_sha256$600000$Wod16CRm2xNSNb94DhcTum$yc2byp+YDzdr+utTGQjGFXA2dNg1veBL7iUzOhbASuY=	\N	f	Ernesto Arias	ERNESTO	ARIAS	ernesto.arias@tenergy.com.mx	f	t	2024-05-30 17:31:46.685+00
11	pbkdf2_sha256$600000$xpRNEUaxJKvJOrl3J9KKGU$ojVEcOJtFgGt3o6naPCXVMHIGUfZxlh6sm77OZxX/0M=	\N	f	Fernando Jaramillo	FERNANDO	JARAMILLO	fernando.jaramillo@interaccion-electrica.com	f	t	2024-05-30 17:32:32.055+00
12	pbkdf2_sha256$600000$PM2B97RKUa0RdtwVNCOuGD$uKoCFMYwK7mcQWBQz/WweHDXJJNJ73m2FkE5uUaOhKA=	\N	f	Tirzo Martinez	TIRZO	MARTINEZ	tirzo.martinez@tenergy.com.mx	f	t	2024-05-30 17:33:16.525+00
13	pbkdf2_sha256$600000$Ow78L5es4v16K4RSRvOaST$WAsw9y/F91IJQ5EEoREFow4i/o61gx9vImb29qaA5qI=	\N	f	Ernesto Ramirez	ERNESTO	RAMIREZ	compras@tenergy.com.mx	f	t	2024-05-30 17:34:00.117+00
14	pbkdf2_sha256$600000$1GclPJZi4ftOKkWfxaddrb$Hlo0bTLPoy7Z4Stw4vs0c2L27+eQmmPWjMPAQNwPeZg=	\N	f	Gil Ortiz	GIL	ORTIZ	gil.ortiz@interaccion-electrica.com	f	t	2024-05-30 17:34:57.916+00
15	pbkdf2_sha256$600000$dZJqt5C3zjCeyy1p5dzNix$SbD0XGkJvxwHvJg1axU6iXEbF5oRdNuRE6VL/2sQC64=	\N	f	Isaac Herrera	ISAAC	HERRERA	isaac.herrera@tenergy.com.mx	f	t	2024-05-30 17:36:26.877+00
16	pbkdf2_sha256$600000$lEaYqDmlARzSCAgTgofEib$5QwDjiY65Xbr9daUh7xVuRr34zJ408K3Ti8XarSGSDc=	\N	f	Cris Martinez	CRIS	MARTINEZ	CRIS.MARTINEZ@tenergy.com.mx	f	t	2024-05-30 17:37:18.82+00
24	pbkdf2_sha256$600000$MUC3KfbxBQwb7ZWH5BLmTq$E8PX9+JWaaerws10I7yXRhjADzVE2LHLtrjqjCnvJ+8=	\N	f	Lizeth Tapia	Lizeth	Tapia	a@gmail.com	f	t	2024-09-02 19:45:20.764636+00
5	pbkdf2_sha256$600000$iDqAIFEVRBE1iJBVfD4ZPr$pBzHq9R96rB/anManfEG+U1jmh+elqSh97I5b1c8dcY=	2024-07-18 19:57:02.331626+00	f	Bryan Salinas	Bryan	Salinas	bryan.salinas@tenergy.com	f	t	2024-04-11 19:21:03.575+00
25	pbkdf2_sha256$600000$dc0IFZYvL08QNuGyszC4mr$ilECKoeFw78gwQ3UjoOtLz9YOTsWGxJShawpQxagPAQ=	\N	f	Elizabeth Pascual	Elizabeth	Pascual	a@gmail.com	f	t	2024-09-02 19:46:12.327312+00
26	pbkdf2_sha256$600000$TlMaCURTjT1bwQDjbQ8yqy$mvpqztDRTFaIdjkae3s9DSGXuQBg9KsNbk+/iL4o/hc=	\N	f	Emiliano Nieto	Emiliano	Nieto	a@gmail.com	f	t	2024-09-02 19:47:12.974646+00
27	pbkdf2_sha256$600000$M3AoLuYuyikGfpoAxaGOpt$FxoLjPhZL4EkNh+uEiqo6qRUO17DQEy5Y8pvfUV7RBc=	\N	f	Rebecca Vargas	Rebecca	Vargas	a@gmail.com	f	t	2024-09-02 19:47:48.775987+00
28	pbkdf2_sha256$600000$5vxy9VUEoLphDPObtvRFeJ$R+RFtnACIu1dShWDFViZ2CDQ/TmhtAI+J/XFCbiVoes=	\N	f	Civil	Nuevo	Civil	a@gmail.com	f	t	2024-09-02 19:48:28.911559+00
29	pbkdf2_sha256$600000$dI9rSuYZh9XYjtD7dQiusW$4miwY4d6RDiHrLyQ87AyN4WVC3L9MLGGNNogSAmUDEw=	\N	f	Elisa Salmeron	Elisa	Salmeron	a@gmail.com	f	t	2024-09-02 19:49:07.840765+00
30	pbkdf2_sha256$600000$aEiqxMLWVIx7KlrPvlWYLP$70LZAURovI+W6UUrZK+T68659hrfdl+EIZjysX1R3Ak=	\N	f	Luis	Luis	Practicante	a@gmail.com	f	t	2024-09-02 19:49:56.233752+00
31	pbkdf2_sha256$600000$4cKISmkrU04tmf6jd6Vosn$PVKyxbCJcklz5oIj+M8aEht0GCHsIyuKnKxfkQWjjW8=	\N	f	Manuel	Manuel	Practicante	a@gmail.com	f	t	2024-09-02 19:52:16.60322+00
32	pbkdf2_sha256$600000$GZsknWfBpOnVAaZW8HEtXe$xz54Lbk4bIhGrnQZ7wKiP8A6xsl4cGJSLvUFV7DkhQk=	\N	f	Evelyn Gomez	Evelyn	Gomez	a@gmail.com	f	t	2024-09-02 19:53:20.089071+00
17	pbkdf2_sha256$600000$8kfYn37UPQdMo5UdumlkrH$06urxxGTk0wBojtMpxgu5lM1kOmE+RHp1HkdMBhDAAI=	2024-06-14 15:46:27.957767+00	f	Prueba	Prueba	Super	sistemas01.interaccion@gmail.com	f	t	2024-06-14 15:45:42.140278+00
33	pbkdf2_sha256$600000$2NEghBuN88PcZlM3v5ehE1$03EviFWL6KQlSVjVWT6hgrEgpfD9Ao1X0o41R3MxlPE=	\N	f	Carlos Rivera	Carlos	Rivera	a@gmail.com	f	t	2024-09-02 19:54:27.277034+00
6	pbkdf2_sha256$600000$atC6Tll12N7WAZ23JPjXJO$C9ZQD1cnUmYKpHq++IA7U1Aa/4qoki2R5vXl0+ibD0g=	2024-08-22 14:45:03.46959+00	f	Ivanna.Gabriela	Ivanna	Gabriela	Ivanna.gabriela@tenergy.com.mx	f	t	2024-05-24 21:48:02.307+00
35	pbkdf2_sha256$600000$nMbZGZyTwAODH04VuHHsaF$Roz1FK+t/G1GbPmdTRvKNEk5MgPLCbs/HG/k61ux30A=	\N	f	Andres Moreno	Andres	Moreno	a@gmail.com	f	t	2024-09-02 19:57:10.519745+00
1	pbkdf2_sha256$600000$IhJmXXDbmpbLjlXaieqynl$xmOOajNKmIIZzIzxBC0P2x1yqvG0VY9W2y7jfuehe+4=	2024-08-07 22:27:22.918667+00	t	admin	Admin			f	t	2024-04-08 17:59:27+00
36	pbkdf2_sha256$600000$WeezeoXM4qg7JpFWdMidKw$ihOwrDu97Uc2kLcGloBfsSrQk3A2fhxERldWjmYcmvU=	\N	f	Alexandra Ariza	Alexandra	Ariza	a@gmail.com	f	t	2024-09-02 20:08:19.076431+00
21	pbkdf2_sha256$600000$JpaxcQMuEDsVTRQ02gU9vW$i6vn3ol8BxwLKarnJKdwqanCFWAm8EJBx143/hwAPq4=	\N	f	Eduardo Leon	Eduardo	Leon	a@gmail.com	f	t	2024-09-02 19:36:51.800486+00
22	pbkdf2_sha256$600000$FXz0fW6fHZgqICjPJd1NX3$k9shR60AtzO6KKOZyZ1bg+Q0nVOq/PguJc23utP3LIE=	\N	f	Ernesto Jimenez	Ernesto	Jimenez	a@gmail.com	f	t	2024-09-02 19:40:44.722828+00
19	pbkdf2_sha256$600000$FJRWf7FzLZpGMENB8PspJT$qtTuy1hyGHkV+ewY8LYPO59ORUALwnn+Hw3bBnvvan0=	\N	f	Daniel Ruíz	DANIEL	RUIZ	recursoshumanos@interaccion-electrica.com	f	t	2024-06-21 21:56:32.330365+00
20	pbkdf2_sha256$600000$gzAusPl0MwMhaJQYr7vCgb$WxIPRzk/1bWta2ofhzKTcfz/6UyOtr5qPSa9fiEkCDA=	\N	f	Jaime Maldonado	JAIME	MALDONADO	jaime.maldonado@tenergy.com.mx	f	t	2024-06-21 21:57:14.044582+00
23	pbkdf2_sha256$600000$oZaso1L2nzpC47rRtszTmd$21qx6KpJLwACezzhp+ZD6c7I43FM+f/PCXosjs0ReJU=	\N	f	Sofia Ruiz	Sofia	Ruiz	a@gmail.com	f	t	2024-09-02 19:44:01.491208+00
34	pbkdf2_sha256$600000$bxeoiV6GGuYyxiMU1FD68O$Bu0C3Z7e6S+OEzqnRe1Fge8t1475vwUSa97uNUy5Vso=	\N	f	Seguridad Amp	Seguridad	AMP	a@gmail.com	f	t	2024-09-02 19:55:00.318221+00
37	pbkdf2_sha256$600000$LSJOon6D40Wqr8LImYIEU4$19whx97MxR3eeHqMZsDZUxMPT473sLrS4Y3YtG4Eces=	\N	f	Brenda Velazquez	Brenda	Velazquez	a@gmail.com	f	t	2024-09-02 22:39:33.604312+00
18	pbkdf2_sha256$600000$s4CAGsjOBx0ij0tOkoT725$eZw5LUKfg6xxFbt4KcXLakf7SXPmUQxb5JW9JXlETL4=	2024-09-05 18:21:40.065327+00	t	AdminTY	Tenergy	MX	sistemas01.interaccion@gmail.com	t	t	2024-06-17 16:19:32+00
\.


--
-- Data for Name: auth_user_groups; Type: TABLE DATA; Schema: public; Owner: postgres
--

COPY public.auth_user_groups (id, user_id, group_id) FROM stdin;
\.


--
-- Data for Name: auth_user_user_permissions; Type: TABLE DATA; Schema: public; Owner: postgres
--

COPY public.auth_user_user_permissions (id, user_id, permission_id) FROM stdin;
\.


--
-- Data for Name: django_admin_log; Type: TABLE DATA; Schema: public; Owner: postgres
--

COPY public.django_admin_log (id, action_time, object_id, object_repr, action_flag, change_message, content_type_id, user_id) FROM stdin;
1	2024-04-08 18:21:10.419+00	1	Role object (1)	1	[{"added": {}}]	9	1
2	2024-04-08 18:22:23.403+00	1	Module object (1)	1	[{"added": {}}]	8	1
3	2024-04-08 18:23:24.916+00	1	Company object (1)	1	[{"added": {}}]	7	1
4	2024-04-08 18:23:29.661+00	1	Company object (1)	2	[]	7	1
5	2024-04-08 18:23:58.865+00	2	Company object (2)	1	[{"added": {}}]	7	1
6	2024-04-08 18:26:12.097+00	2	Role object (2)	1	[{"added": {}}]	9	1
7	2024-04-08 18:26:27.29+00	1	User_Access object (1)	1	[{"added": {}}]	10	1
8	2024-04-08 20:40:02.321+00	2	Ulices	1	[{"added": {}}]	4	1
9	2024-04-08 20:40:27.953+00	2	User_Access object (2)	1	[{"added": {}}]	10	1
10	2024-04-08 20:42:20.328+00	2	User_Access object (2)	2	[{"changed": {"fields": ["Company"]}}]	10	1
11	2024-04-08 20:42:30.884+00	2	User_Access object (2)	2	[{"changed": {"fields": ["Company"]}}]	10	1
12	2024-04-08 20:45:30.366+00	1	User_Access object (1)	2	[{"changed": {"fields": ["Role"]}}]	10	1
13	2024-04-08 20:49:26.887+00	1	admin	2	[{"changed": {"fields": ["First name"]}}]	4	1
14	2024-04-08 20:49:40.77+00	2	Ulices	2	[{"changed": {"fields": ["First name", "Last name"]}}]	4	1
15	2024-04-08 22:16:14.074+00	1	Module object (1)	2	[{"changed": {"fields": ["Name"]}}]	8	1
16	2024-04-08 22:19:02.299+00	3	Role object (3)	1	[{"added": {}}]	9	1
17	2024-04-08 22:21:06.358+00	1	SubModule object (1)	1	[{"added": {}}]	13	1
18	2024-04-08 22:21:34.618+00	1	SubModule_Permission object (1)	1	[{"added": {}}]	12	1
19	2024-04-08 22:54:00.009+00	1	User_Access object (1)	2	[{"changed": {"fields": ["Role"]}}]	10	1
20	2024-04-08 23:10:10.144+00	1	SubModule_Permission object (1)	2	[{"changed": {"fields": ["User"]}}]	12	1
21	2024-04-08 23:28:10.745+00	1	SubModule_Permission object (1)	2	[{"changed": {"fields": ["Update"]}}]	12	1
22	2024-04-08 23:28:21.645+00	1	SubModule_Permission object (1)	2	[{"changed": {"fields": ["Delete"]}}]	12	1
23	2024-04-08 23:29:09.613+00	1	SubModule_Permission object (1)	2	[{"changed": {"fields": ["Update"]}}]	12	1
24	2024-04-09 14:47:42.196+00	1	admin	2	[{"changed": {"fields": ["password"]}}]	4	1
25	2024-04-09 20:50:22.512+00	1	SubModule object (1)	2	[{"changed": {"fields": ["Name"]}}]	13	1
26	2024-04-09 20:50:42.694+00	2	SubModule object (2)	1	[{"added": {}}]	13	1
27	2024-04-09 23:08:50.908+00	1	SubModule_Permission object (1)	2	[{"changed": {"fields": ["Delete"]}}]	12	1
28	2024-04-09 23:22:29.69+00	1	SubModule_Permission object (1)	2	[{"changed": {"fields": ["Create"]}}]	12	1
29	2024-04-09 23:26:02.921+00	2	Module object (2)	1	[{"added": {}}]	8	1
30	2024-04-09 23:26:46.151+00	2	SubModule object (2)	2	[{"changed": {"fields": ["Name", "Description", "Module"]}}]	13	1
31	2024-04-10 16:05:37.236+00	1	SubModule_Permission object (1)	2	[{"changed": {"fields": ["Delete"]}}]	12	1
32	2024-04-10 16:11:44.638+00	1	SubModule_Permission object (1)	2	[{"changed": {"fields": ["Create", "Read", "Update", "Delete"]}}]	12	1
33	2024-04-10 16:25:26.689+00	1	SubModule_Permission object (1)	2	[{"changed": {"fields": ["Create", "Read", "Update", "Delete"]}}]	12	1
34	2024-04-10 19:46:35.082+00	1	SubModule_Permission object (1)	2	[{"changed": {"fields": ["Update"]}}]	12	1
35	2024-04-10 19:55:06.916+00	1	Module object (1)	2	[{"changed": {"fields": ["Name"]}}]	8	1
36	2024-04-10 19:55:11.838+00	2	Module object (2)	2	[{"changed": {"fields": ["Name"]}}]	8	1
37	2024-04-10 19:55:24.542+00	1	SubModule object (1)	2	[{"changed": {"fields": ["Name"]}}]	13	1
38	2024-04-10 20:56:21.008+00	1	SubModule_Permission object (1)	2	[{"changed": {"fields": ["User"]}}]	12	1
39	2024-04-10 20:56:25.04+00	2	SubModule_Permission object (2)	2	[{"changed": {"fields": ["User"]}}]	12	1
40	2024-04-10 21:06:00.182+00	2	SubModule_Permission object (2)	2	[{"changed": {"fields": ["User"]}}]	12	1
41	2024-04-10 21:06:05.61+00	1	SubModule_Permission object (1)	2	[{"changed": {"fields": ["User"]}}]	12	1
42	2024-04-10 21:54:28.707+00	1	SubModule_Permission object (1)	2	[{"changed": {"fields": ["Read"]}}]	12	1
43	2024-04-10 23:30:03.619+00	2	SubModule object (2)	2	[{"changed": {"fields": ["Module"]}}]	13	1
44	2024-04-10 23:49:19.877+00	2	SubModule object (2)	2	[]	13	1
45	2024-04-11 01:11:53.38+00	1	SubModule_Permission object (1)	2	[{"changed": {"fields": ["Update"]}}]	12	1
46	2024-04-11 01:29:13.23+00	1	SubModule_Permission object (1)	2	[{"changed": {"fields": ["Read"]}}]	12	1
47	2024-04-11 01:37:15.521+00	2	SubModule_Permission object (2)	2	[{"changed": {"fields": ["User"]}}]	12	1
48	2024-04-11 01:37:41.035+00	2	SubModule_Permission object (2)	2	[{"changed": {"fields": ["User"]}}]	12	1
49	2024-04-11 01:44:18.736+00	2	SubModule object (2)	2	[{"changed": {"fields": ["Module"]}}]	13	1
50	2024-04-11 02:26:14.574+00	3	SubModule object (3)	1	[{"added": {}}]	13	1
51	2024-04-11 16:03:06.417+00	1	SubModule_Permission object (1)	2	[{"changed": {"fields": ["Update"]}}]	12	1
52	2024-04-11 17:14:49.54+00	1	SubModule_Permission object (1)	2	[{"changed": {"fields": ["Update"]}}]	12	1
53	2024-04-11 20:30:57.697+00	1	User_Access object (1)	2	[{"changed": {"fields": ["Company"]}}]	10	1
54	2024-04-11 20:31:03.04+00	1	User_Access object (1)	2	[{"changed": {"fields": ["Company"]}}]	10	1
55	2024-04-11 23:16:28.028+00	1	SubModule_Permission object (1)	2	[{"changed": {"fields": ["Create", "Read", "Update", "Delete"]}}]	12	1
56	2024-04-11 23:16:33.173+00	2	SubModule_Permission object (2)	2	[{"changed": {"fields": ["Create", "Read", "Update", "Delete"]}}]	12	1
57	2024-04-11 23:22:51.045+00	2	SubModule_Permission object (2)	2	[{"changed": {"fields": ["Create", "Read", "Update", "Delete"]}}]	12	1
58	2024-04-11 23:27:09.839+00	1	SubModule_Permission object (1)	2	[{"changed": {"fields": ["Create", "Read", "Update", "Delete"]}}]	12	1
59	2024-04-11 23:27:18.404+00	3	SubModule_Permission object (3)	2	[{"changed": {"fields": ["Create"]}}]	12	1
60	2024-04-11 23:27:21.845+00	4	SubModule_Permission object (4)	2	[{"changed": {"fields": ["Create"]}}]	12	1
61	2024-04-11 23:28:25.202+00	1	User_Access object (1)	2	[{"changed": {"fields": ["Role"]}}]	10	1
62	2024-04-11 23:30:59.306+00	1	SubModule_Permission object (1)	2	[{"changed": {"fields": ["Read"]}}]	12	1
63	2024-04-11 23:31:44.78+00	1	User_Access object (1)	2	[{"changed": {"fields": ["Role"]}}]	10	1
64	2024-04-11 23:35:07.792+00	1	User_Access object (1)	2	[]	10	1
65	2024-04-11 23:36:54.344+00	2	SubModule_Permission object (2)	2	[{"changed": {"fields": ["Create", "Read", "Update", "Delete"]}}]	12	1
66	2024-04-12 18:11:17.973+00	1	Qro12-100	1	[{"added": {}}]	14	1
67	2024-04-12 18:29:27.845+00	1	Qro12-100	2	[{"changed": {"fields": ["Model", "Year", "Brand", "Color", "Vehicle type", "Insurance company"]}}]	14	1
68	2024-04-12 18:30:41.739+00	1	Qro-202-2	2	[{"changed": {"fields": ["Plate"]}}]	14	1
69	2024-04-12 22:49:12.386+00	1	Qro-202-2	2	[{"changed": {"fields": ["Image path", "Name"]}}]	14	1
70	2024-04-12 22:50:48.053+00	1	Qro-202-2	2	[{"changed": {"fields": ["Image path"]}}]	14	1
71	2024-04-15 17:09:14.534+00	1	Verificaci├│n de XXX	1	[{"added": {}}]	15	1
72	2024-04-15 18:06:49.35+00	1	Qro-202-2	2	[{"changed": {"fields": ["Serial number"]}}]	14	1
73	2024-04-16 15:17:13.747+00	1	SubModule_Permission object (1)	2	[{"changed": {"fields": ["Update"]}}]	12	1
74	2024-04-16 20:32:30.026+00	1	Verificaci├│n de XXX	2	[{"changed": {"fields": ["Comprobante pago refrendo", "Comprobante pago tenencia"]}}]	15	1
75	2024-04-16 21:06:43.762+00	7	Verificaci├│n de asda	2	[{"changed": {"fields": ["Vehiculo"]}}]	15	1
76	2024-04-17 14:53:07.607+00	2	Q-xx-xx	2	[{"changed": {"fields": ["Plate", "Color", "Responsible"]}}]	14	1
77	2024-04-17 14:53:35.998+00	2	Q-xx-xx	2	[{"changed": {"fields": ["Image path"]}}]	14	1
78	2024-04-17 14:53:42.448+00	2	Q-xx-xx	2	[{"changed": {"fields": ["Image path"]}}]	14	1
79	2024-04-17 15:18:11.649+00	2	Q-xx-xx	2	[{"changed": {"fields": ["Image path"]}}]	14	1
80	2024-04-17 15:21:10.274+00	2	Q-xx-xx	2	[{"changed": {"fields": ["Image path"]}}]	14	1
81	2024-04-17 19:16:37.411+00	1	Qro-202-2	2	[{"changed": {"fields": ["State"]}}]	14	1
82	2024-04-17 19:16:48.385+00	2	Q-xx-xx	2	[{"changed": {"fields": ["State", "Company"]}}]	14	1
83	2024-04-17 19:17:16.687+00	1	Tenencia de Qro-202-2 - Pagado el 2024-04-17	1	[{"added": {}}]	16	1
84	2024-04-17 22:47:55.543+00	7	Tenencia de Qro-202-2 - Pagado el 2022-01-04	2	[{"changed": {"fields": ["Fecha pago"]}}]	16	1
85	2024-04-17 23:11:46.665+00	2	Noo-xx-xx	2	[{"changed": {"fields": ["Plate"]}}]	14	1
86	2024-04-18 20:32:52.116+00	1	UMJ-080-E	2	[{"changed": {"fields": ["Plate"]}}]	14	1
87	2024-04-18 22:53:24.427+00	2	UMA-420-J	2	[{"changed": {"fields": ["Plate"]}}]	14	1
88	2024-04-22 19:46:02.484+00	1	Responsiva para UMJ-080-E	3		18	1
89	2024-04-22 23:14:16.327+00	2	UMA-422-J	2	[{"changed": {"fields": ["Plate"]}}]	14	1
90	2024-04-23 15:28:14.259+00	2	Responsiva para UMJ-080-E	2	[{"changed": {"fields": ["Final mileage"]}}]	18	1
91	2024-04-23 15:30:02.36+00	2	Responsiva para UMJ-080-E	2	[{"changed": {"fields": ["Final fuel"]}}]	18	1
92	2024-04-23 23:44:03.54+00	1	Responsiva para UMJ-080-E	2	[{"changed": {"fields": ["Signature"]}}]	21	1
93	2024-04-23 23:47:42.895+00	1	Responsiva para UMJ-080-E	2	[{"changed": {"fields": ["Signature"]}}]	21	1
94	2024-04-24 14:32:47.907+00	1	Responsiva para UMJ-080-E	2	[{"changed": {"fields": ["Trip purpose"]}}]	21	1
95	2024-04-24 14:41:16.981+00	1	Responsiva para UMJ-080-E	2	[{"changed": {"fields": ["Trip purpose"]}}]	21	1
96	2024-04-24 14:42:00.458+00	1	Responsiva para UMJ-080-E	2	[{"changed": {"fields": ["Trip purpose"]}}]	21	1
97	2024-04-24 21:47:18.647+00	1	1	1	[{"added": {}}]	22	1
98	2024-04-29 15:07:07.922+00	3	UMA-801-A	2	[{"changed": {"fields": ["Company", "Plate"]}}]	14	1
99	2024-04-29 15:47:07.535+00	7	Auditor├¡a de UMJ-080-E el 2024-05-15	3		23	1
100	2024-04-29 15:47:07.549+00	6	Auditor├¡a de UMA-801-A el 2024-05-15	3		23	1
101	2024-04-29 15:47:07.55+00	5	Auditor├¡a de UMA-422-J el 2024-05-15	3		23	1
102	2024-04-29 20:49:16.639+00	15	Auditor├¡a de UMJ-084-A el 2024-04-18	1	[{"added": {}}]	23	1
103	2024-04-29 20:53:17.236+00	14	Auditor├¡a de UMJ-080-E el 2024-04-18	2	[{"changed": {"fields": ["Vehicle"]}}]	23	1
104	2024-04-29 21:01:39.331+00	13	Auditor├¡a de UMA-422-J el 2024-04-18	2	[{"changed": {"fields": ["Check interior", "Notes interior", "Check exterior", "Notes exterior", "Check tires", "Notes tires", "Check antifreeze level", "Check fuel level", "General notes"]}}]	23	1
105	2024-04-29 21:02:06.927+00	15	Auditor├¡a de UMJ-084-A el 2024-04-18	2	[{"changed": {"fields": ["Check interior", "Notes interior", "Check exterior", "Notes exterior", "Check tires", "Notes tires", "Check antifreeze level", "Check fuel level", "General notes"]}}]	23	1
106	2024-04-29 22:42:02.233+00	17	Auditor├¡a de UMJ-080-E el 2024-05-24	3		23	1
107	2024-04-29 22:42:02.249+00	16	Auditor├¡a de UMJ-084-A el 2024-05-24	3		23	1
108	2024-04-29 22:44:21.697+00	13	Auditor├¡a de UMA-422-J el 2024-04-18	2	[{"changed": {"fields": ["Visible"]}}]	23	1
109	2024-04-29 22:44:25.798+00	14	Auditor├¡a de UMJ-080-E el 2024-04-18	2	[{"changed": {"fields": ["Visible"]}}]	23	1
110	2024-04-30 19:17:33.611+00	13	Auditor├¡a de UMJ-080-E el 2024-04-18	2	[{"changed": {"fields": ["Vehicle"]}}]	23	1
111	2024-04-30 20:42:22.665+00	13	Auditor├¡a de UMJ-080-E el 2024-04-18	2	[{"changed": {"fields": ["General notes"]}}]	23	1
112	2024-05-02 19:09:13.311+00	1	TENERGY MX: Angelo	1	[{"added": {}}]	25	1
113	2024-05-03 14:31:07.212+00	3	UMJ-084-A - None - 2024-05-22	2	[{"changed": {"fields": ["Cost"]}}]	24	1
114	2024-05-03 14:34:31.918+00	3	UMJ-084-A - None - 2024-05-22	2	[]	24	1
115	2024-05-03 14:41:31.272+00	3	UMJ-084-A - None - 2024-05-22	2	[{"changed": {"fields": ["Mileage or time"]}}]	24	1
116	2024-05-03 14:43:15.322+00	3	UMJ-084-A - None - 2024-05-22	2	[{"changed": {"fields": ["Mileage or time"]}}]	24	1
117	2024-05-03 16:33:07.054+00	1	UMJ-080-E	2	[{"changed": {"fields": ["Mileage"]}}]	14	1
118	2024-05-03 16:43:08.959+00	7	UMJ-080-E - preventivo - 2024-05-06	2	[{"changed": {"fields": ["Time"]}}]	24	1
119	2024-05-03 16:46:47.363+00	7	UMJ-080-E - preventivo - 2024-05-06	2	[{"changed": {"fields": ["General notes"]}}]	24	1
120	2024-05-03 17:30:35.167+00	8	UMJ-080-E - None - 2024-05-08	2	[{"changed": {"fields": ["Type", "Mileage", "Time"]}}]	24	1
121	2024-05-07 15:13:04.827+00	3	Role object (3)	2	[{"changed": {"fields": ["Name"]}}]	9	1
122	2024-05-07 15:13:19.302+00	4	Role object (4)	1	[{"added": {}}]	9	1
123	2024-05-07 15:14:25.257+00	2	INTERACCION ELECTRICA	2	[{"changed": {"fields": ["Name"]}}]	7	1
124	2024-05-07 15:14:46.422+00	2	INTERACCI├ôN ELECTRICA	2	[{"changed": {"fields": ["Name"]}}]	7	1
125	2024-05-07 15:16:58.247+00	1	Rol 'Super Usuario' asignado al usuario 'admin' en la empresa 'TENERGY MX'	2	[{"changed": {"fields": ["Role"]}}]	10	1
126	2024-05-07 16:16:05.117+00	1	Empresas	2	[{"changed": {"fields": ["Name", "Description"]}}]	13	1
127	2024-05-07 16:16:14.648+00	2	Usuarios	2	[{"changed": {"fields": ["Name", "Description"]}}]	13	1
128	2024-05-07 16:16:23.534+00	3	Proveedores	2	[{"changed": {"fields": ["Name"]}}]	13	1
129	2024-05-07 16:16:49.513+00	4	Info	1	[{"added": {}}]	13	1
130	2024-05-07 17:45:34.193+00	2	Veh├¡culo: Usuarios	2	[{"changed": {"fields": ["Short name", "Link"]}}]	13	1
131	2024-05-07 17:45:55.88+00	1	Usuario: Empresas	2	[{"changed": {"fields": ["Short name", "Description", "Link"]}}]	13	1
132	2024-05-07 17:54:29.006+00	5	Permisos de [TENERGY MX]: el usuario 'admin' es Super Usuario en el subm├│dulo: None	3		12	1
133	2024-05-07 17:54:29.016+00	4	Permisos de [TENERGY MX]: el usuario 'Ulices' es Encargado en el subm├│dulo: None	3		12	1
134	2024-05-07 17:54:29.017+00	3	Permisos de [TENERGY MX]: el usuario 'Ulices' es Encargado en el subm├│dulo: None	3		12	1
135	2024-05-07 17:54:29.018+00	2	Permisos de [TENERGY MX]: el usuario 'admin' es Super Usuario en el subm├│dulo: None	3		12	1
136	2024-05-07 17:54:29.018+00	1	Permisos de [TENERGY MX]: el usuario 'admin' es Super Usuario en el subm├│dulo: None	3		12	1
137	2024-05-07 17:55:05.962+00	6	Permisos de [TENERGY MX]: el usuario 'admin' es Super Usuario en el subm├│dulo: Veh├¡culo: Usuarios	1	[{"added": {}}]	12	1
138	2024-05-07 18:02:14.097+00	6	Permisos de [TENERGY MX]: el usuario 'admin' es Super Usuario en el subm├│dulo: Usuario: Empresas	2	[{"changed": {"fields": ["SubModule"]}}]	12	1
139	2024-05-07 18:02:21.97+00	7	Permisos de [TENERGY MX]: el usuario 'admin' es Super Usuario en el subm├│dulo: Veh├¡culo: Usuarios	1	[{"added": {}}]	12	1
140	2024-05-07 18:02:54.812+00	7	Permisos de [TENERGY MX]: el usuario 'admin' es Super Usuario en el subm├│dulo: Veh├¡culo: Usuarios	2	[]	12	1
141	2024-05-07 18:03:22.15+00	2	Usuario: Usuarios	2	[{"changed": {"fields": ["Module"]}}]	13	1
142	2024-05-07 18:15:01.242+00	1	Usuario: Empresas	2	[{"changed": {"fields": ["Icon"]}}]	13	1
143	2024-05-07 18:15:05.202+00	2	Usuario: Usuarios	2	[{"changed": {"fields": ["Icon"]}}]	13	1
144	2024-05-07 18:42:39.44+00	1	[TENERGY MX]: el usuario 'admin' es Administrador	2	[{"changed": {"fields": ["Role"]}}]	10	1
145	2024-05-07 19:20:58.563+00	3	Usuario: Proveedores	2	[{"changed": {"fields": ["Short name", "Module"]}}]	13	1
146	2024-05-07 19:21:51.469+00	1	[TENERGY MX]: el usuario 'admin' es Usuario	2	[{"changed": {"fields": ["Role"]}}]	10	1
147	2024-05-07 19:38:21.316+00	1	[TENERGY MX]: el usuario 'admin' es Super Usuario	2	[{"changed": {"fields": ["Role"]}}]	10	1
148	2024-05-07 19:42:05.443+00	5	Veh├¡culo: Tenencia	1	[{"added": {}}]	13	1
149	2024-05-07 19:42:29.549+00	6	Veh├¡culo: Refrendo	1	[{"added": {}}]	13	1
150	2024-05-07 19:42:57.636+00	7	Veh├¡culo: Verificacion	1	[{"added": {}}]	13	1
151	2024-05-07 19:43:44.703+00	8	Veh├¡culo: Responsiva	1	[{"added": {}}]	13	1
152	2024-05-07 19:44:08.86+00	9	Veh├¡culo: Seguro	1	[{"added": {}}]	13	1
153	2024-05-07 19:44:32.936+00	10	Veh├¡culo: Auditoria	1	[{"added": {}}]	13	1
154	2024-05-07 19:45:08.564+00	11	Veh├¡culo: Mantenimiento	1	[{"added": {}}]	13	1
155	2024-05-07 19:46:06.001+00	4	Veh├¡culo: Informacion	2	[{"changed": {"fields": ["Short name", "Name"]}}]	13	1
156	2024-05-07 19:46:21.017+00	4	Veh├¡culo: Informacion	2	[{"changed": {"fields": ["Icon", "Link"]}}]	13	1
157	2024-05-07 20:40:35.65+00	1	[TENERGY MX]: el usuario 'admin' es Usuario	2	[{"changed": {"fields": ["Role"]}}]	10	1
158	2024-05-07 20:52:53.526+00	1	[TENERGY MX]: el usuario 'admin' es Super Usuario	2	[{"changed": {"fields": ["Role"]}}]	10	1
159	2024-05-07 21:14:45.205+00	5	UMJ-084-A	2	[{"changed": {"fields": ["Company"]}}]	14	1
160	2024-05-07 21:15:07.496+00	1	[TENERGY MX]: el usuario 'admin' es Administrador	2	[{"changed": {"fields": ["Role"]}}]	10	1
161	2024-05-07 21:26:58.906+00	5	UMJ-084-A	2	[{"changed": {"fields": ["Company"]}}]	14	1
162	2024-05-07 21:44:46.825+00	7	Permisos de [TENERGY MX]: el usuario 'admin' es Administrador en el subm├│dulo: Veh├¡culo: Tenencia	2	[{"changed": {"fields": ["SubModule"]}}]	12	1
163	2024-05-07 21:45:45.25+00	1	[TENERGY MX]: el usuario 'admin' es Usuario	2	[{"changed": {"fields": ["Role"]}}]	10	1
164	2024-05-07 21:46:22.97+00	7	Permisos de [TENERGY MX]: el usuario 'admin' es Usuario en el subm├│dulo: Veh├¡culo: Tenencia	2	[{"changed": {"fields": ["Delete"]}}]	12	1
165	2024-05-07 22:18:17.334+00	7	Permisos de [TENERGY MX]: el usuario 'admin' es Usuario en el subm├│dulo: Veh├¡culo: Informacion	2	[{"changed": {"fields": ["SubModule"]}}]	12	1
166	2024-05-07 22:18:44.176+00	7	Permisos de [TENERGY MX]: el usuario 'admin' es Usuario en el subm├│dulo: Veh├¡culo: Informacion	2	[{"changed": {"fields": ["Create", "Delete"]}}]	12	1
167	2024-05-07 22:42:27.091+00	7	Permisos de [TENERGY MX]: el usuario 'admin' es Usuario en el subm├│dulo: Veh├¡culo: Informacion	2	[{"changed": {"fields": ["Update", "Delete"]}}]	12	1
168	2024-05-07 23:22:42.75+00	7	Permisos de [TENERGY MX]: el usuario 'admin' es Usuario en el subm├│dulo: Veh├¡culo: Informacion	2	[{"changed": {"fields": ["Create", "Update", "Delete"]}}]	12	1
169	2024-05-07 23:30:37.195+00	1	[TENERGY MX]: el usuario 'admin' es Administrador	2	[{"changed": {"fields": ["Role"]}}]	10	1
170	2024-05-09 15:14:25.91+00	13	UMJ-084-A - correctivo - 2024-05-29	2	[{"changed": {"fields": ["General notes", "Actions"]}}]	24	1
171	2024-05-09 15:24:49.52+00	13	UMJ-084-A - correctivo - 2024-05-29	2	[{"changed": {"fields": ["Actions"]}}]	24	1
172	2024-06-11 17:07:08.298042+00	1	[TENERGY MX]: el usuario 'admin' es Super Usuario	2	[{"changed": {"fields": ["Role"]}}]	29	1
173	2024-06-11 17:56:47.662572+00	11	Vehículo: Mantenimiento	2	[{"changed": {"fields": ["Link"]}}]	28	1
174	2024-06-11 17:57:01.427595+00	10	Vehículo: Auditoria	2	[{"changed": {"fields": ["Link"]}}]	28	1
175	2024-06-11 17:57:09.417414+00	9	Vehículo: Seguro	2	[{"changed": {"fields": ["Link"]}}]	28	1
176	2024-06-11 17:57:20.085395+00	8	Vehículo: Responsiva	2	[{"changed": {"fields": ["Link"]}}]	28	1
177	2024-06-11 17:57:32.842725+00	7	Vehículo: Verificacion	2	[{"changed": {"fields": ["Link"]}}]	28	1
178	2024-06-11 17:57:42.671487+00	6	Vehículo: Refrendo	2	[{"changed": {"fields": ["Link"]}}]	28	1
179	2024-06-11 17:58:33.030129+00	5	Vehículo: Tenencia	2	[{"changed": {"fields": ["Link"]}}]	28	1
180	2024-06-11 18:10:41.886457+00	4	Vehículo: Informacion	2	[{"changed": {"fields": ["Link"]}}]	28	1
181	2024-06-11 18:17:50.666946+00	3	Equipos de computo	1	[{"added": {}}]	26	1
182	2024-06-11 22:41:52.651954+00	10	Vehículo: Auditoría	2	[{"changed": {"fields": ["Short name", "Name"]}}]	28	1
183	2024-06-11 22:42:03.063838+00	16	Equipos de computo: Auditoría	2	[{"changed": {"fields": ["Short name", "Name"]}}]	28	1
184	2024-06-11 22:42:34.901276+00	14	Equipos de computo: Periféricos	2	[{"changed": {"fields": ["Short name", "Name"]}}]	28	1
185	2024-06-11 22:46:55.800842+00	2	INTERACCIÓN ELECTRICA	2	[{"changed": {"fields": ["Name"]}}]	25	1
186	2024-06-17 16:21:12.359247+00	18	Adminty	2	[{"changed": {"fields": ["Superuser status"]}}]	4	1
187	2024-06-17 16:21:27.037076+00	18	AdminTY	2	[{"changed": {"fields": ["Username"]}}]	4	1
188	2024-06-17 16:22:58.435829+00	18	AdminTY	2	[{"changed": {"fields": ["Staff status"]}}]	4	1
189	2024-06-17 16:26:07.805388+00	2	Ulices	3		4	18
190	2024-06-17 16:32:00.90184+00	1	admin	2	[{"changed": {"fields": ["password"]}}]	4	18
191	2024-06-17 16:32:06.613078+00	1	admin	2	[{"changed": {"fields": ["Email address"]}}]	4	18
192	2024-06-17 16:33:26.806102+00	1	admin	2	[{"changed": {"fields": ["Staff status"]}}]	4	18
193	2024-06-26 19:15:54.713358+00	16	[TENERGY MX]: el usuario 'AdminTY' es Super Usuario	2	[{"changed": {"fields": ["Role"]}}]	29	18
194	2024-06-26 19:18:57.271921+00	4	Infraestructura	1	[{"added": {}}]	26	18
195	2024-07-03 14:57:42.955803+00	5	Bryan Salinas	2	[{"changed": {"fields": ["password"]}}]	4	18
\.


--
-- Data for Name: django_content_type; Type: TABLE DATA; Schema: public; Owner: postgres
--

COPY public.django_content_type (id, app_label, model) FROM stdin;
6	sessions	session
7	modules	vehicle
8	modules	vehicle_tenencia
9	modules	vehicle_refrendo
10	modules	vehicle_verificacion
11	modules	vehicle_responsive
12	modules	vehicle_insurance
13	modules	vehicle_audit
14	modules	vehicle_maintenance
15	modules	computersystem
16	modules	computerperipheral
17	modules	software
18	modules	softwareinstallation
19	modules	computerequipment_maintenance
20	modules	computerequipment_audit
21	modules	computerequipment_responsiva
22	modules	computerequipment_deliveries
23	modules	infrastructure
24	users	area
25	users	company
26	users	module
27	users	role
28	users	submodule
29	users	user_access
30	users	submodule_permission
31	users	provider
1	admin	logentry
2	auth	permission
3	auth	group
4	auth	user
5	contenttypes	contenttype
32	modules	vehicle_fuel
33	modules	infrastructure_category
34	modules	infrastructure_item
35	modules	infrastructure_review
\.


--
-- Data for Name: django_migrations; Type: TABLE DATA; Schema: public; Owner: postgres
--

COPY public.django_migrations (id, app, name, applied) FROM stdin;
1	contenttypes	0001_initial	2024-06-10 16:19:26.067652+00
2	auth	0001_initial	2024-06-10 16:19:26.200174+00
3	admin	0001_initial	2024-06-10 16:19:26.239785+00
4	admin	0002_logentry_remove_auto_add	2024-06-10 16:19:26.252666+00
5	admin	0003_logentry_add_action_flag_choices	2024-06-10 16:19:26.266365+00
6	contenttypes	0002_remove_content_type_name	2024-06-10 16:19:26.311043+00
7	auth	0002_alter_permission_name_max_length	2024-06-10 16:19:26.329119+00
8	auth	0003_alter_user_email_max_length	2024-06-10 16:19:26.346615+00
9	auth	0004_alter_user_username_opts	2024-06-10 16:19:26.362112+00
10	auth	0005_alter_user_last_login_null	2024-06-10 16:19:26.376732+00
11	auth	0006_require_contenttypes_0002	2024-06-10 16:19:26.384126+00
12	auth	0007_alter_validators_add_error_messages	2024-06-10 16:19:26.402078+00
13	auth	0008_alter_user_username_max_length	2024-06-10 16:19:26.425504+00
14	auth	0009_alter_user_last_name_max_length	2024-06-10 16:19:26.43976+00
15	auth	0010_alter_group_name_max_length	2024-06-10 16:19:26.458787+00
16	auth	0011_update_proxy_permissions	2024-06-10 16:19:26.49164+00
17	auth	0012_alter_user_first_name_max_length	2024-06-10 16:19:26.523099+00
18	sessions	0001_initial	2024-06-10 16:19:26.556116+00
19	users	0001_initial	2024-06-10 16:19:26.790585+00
20	modules	0001_initial	2024-06-10 23:13:56.325401+00
21	users	0002_submodule_permission_updated_at_and_more	2024-06-11 22:32:15.035163+00
22	modules	0002_vehicle_fuel	2024-06-13 17:59:22.665166+00
23	modules	0003_infrastructure_category_infrastructure_item_and_more	2024-06-26 21:46:10.162019+00
24	modules	0004_alter_computersystem_disk_type	2024-06-26 22:52:56.538225+00
\.


--
-- Data for Name: django_session; Type: TABLE DATA; Schema: public; Owner: postgres
--

COPY public.django_session (session_key, session_data, expire_date) FROM stdin;
16ffgftyy9qkbtk0mcq8962wx1xsvzle	.eJxVUMtOwzAQ_BW05yiq8yBOTwWp4lQOiAOcoq29TgyJjWwHUar8O7YUqvY4s_PSnqHDOQzd7Ml1WsIWGGTX3BHFJ5l0kB9oepsLa4LTxzxJ8vXq84OVND6u2puAAf0Q3XVdKcUqUVZlXfL7gpeNYpyYIiULVXAuOKmyaTas3RQNMVKtEJFvlSTRIMZQFIK8h-0Z0lC2ZODsSP-4yMDgFCE8yEkb7YNDaV30jfRNYxREg7DTF5rTJePied0_71-e3u8ObxBlafiVJsFVhykbbqtSBfrQrVyENKGOjTCPOk7O-zloco5-d4EMuf4Unzjl0w8syx8j6Hx3:1sFFOT:9V4OmThDnliWmVy6aPtXDZ43zHIp1TiiKFsM7OU0vWA	2024-06-20 15:51:13.054+00
187c7stc3deazd2kcloyqjzgk07kgeaa	e30:1rtwjJ:9Za1fq1hwPP8NXKUBWpiAc7lYArBaJo54R7qiB_PGsU	2024-04-22 21:40:41.957+00
1tog6a5c4ii1ih3qmdjn1ol8xvqdgg5c	.eJxVjjFvwjAQhf9KdXMUObHjABuVUCcYEAOdorPvQtISG9lhQCj_vY4EiI7vvu893R0avI5dc40cmp5gBQVk7zeD9pfdDOgH3cnn1rsx9CaflfxBY771xOfPh_tvoMPYpXZdY2WUklKphSCiZYV6WQlFVc1CoiVGIzWVCrUujGCZsGnRGF4IW-o2jaK1HCOs7jA_WkwZBH_mZy4zcDikCGsaetfHMSD5AEmzfrigu72aL_Ow2W32X98f2yNM0x-ZQlYa:1s1VWO:KT8ppnFVz-piD_ZT5nTKnL3FGPr5fU-M3HOYRzoYxUI	2024-05-13 18:14:36.527+00
2a5vdw13vd2u0jimyf4eqgdauxi7tte4	e30:1sFL55:70N15hVv2LDQNxV_t12fk4bI40S8MunbocUq_stRFPc	2024-06-20 21:55:35.635+00
32lyllypl24x5t5tu0ka64p8h7tghj21	.eJxVjjFvwjAQhf9KdXMUObHjABuVUCcYEAOdorPvQtISG9lhQCj_vY4EiI7vvu893R0avI5dc40cmp5gBQVk7zeD9pfdDOgH3cnn1rsx9CaflfxBY771xOfPh_tvoMPYpXZdY2WUklKphSCiZYV6WQlFVc1CoiVGIzWVCrUujGCZsGnRGF4IW-o2jaK1HCOs7jA_WkwZBH_mZy4zcDikCGsaetfHMSD5AEmzfrigu72aL_Ow2W32X98f2yNM0x-ZQlYa:1rx677:c2Fou2oack8Spxz052hHr_-MSYb5ZsvRKgXk3sxoiRg	2024-05-01 14:18:17.58+00
3s0bal7k9za6exzyn4ywacji2x9oz383	.eJxVjjuPwjAQhP_KaesowonxgxIJUUGBKLgq2qzXhJeNYigQyn_HkTjElTPzzWie0OD91jX3xH1zcDADAcW31yKdOIyBO2LYx5JiuPWHthyR8p2mchUdn-dv9t9Ah6nLbautrbCS0ldoJBKJlmhqPfupNBPBNXpDwmirnarI144ck1LaSMWkVZ1Hc4lTgtkTxqNiKKCPZ_7TddYUL1cMjw9SQMBLJmC7WC82y9-f1Q6G4QUq_049:1rtyLv:GYvVPELzrET5V8ph7Wm_78Cb0VGO4dl0NB0inASmxgk	2024-04-22 23:24:39.996+00
3vbdwvn3elecl4e76ulg2x39936uetk8	.eJxVjjFvwjAQhf9KdXMUObHjABuVUCcYEAOdorPvQtISG9lhQCj_vY4EiI7vvu893R0avI5dc40cmp5gBQVk7zeD9pfdDOgH3cnn1rsx9CaflfxBY771xOfPh_tvoMPYpXZdY2WUklKphSCiZYV6WQlFVc1CoiVGIzWVCrUujGCZsGnRGF4IW-o2jaK1HCOs7jA_WkwZBH_mZy4zcDikCGsaetfHMSD5AEmzfrigu72aL_Ow2W32X98f2yNM0x-ZQlYa:1s2XI9:9ecf2Twf3f4Y_fdagDgXty2Kck2AORputnQ0asqNPiE	2024-05-16 14:20:09.658+00
4e8fgj2123c1h9h6105pxopl0fvd0weq	.eJxVjjFvwjAQhf9KdXMUObHjABuVUCcYEAOdorPvQtISG9lhQCj_vY4EiI7vvu893R0avI5dc40cmp5gBQVk7zeD9pfdDOgH3cnn1rsx9CaflfxBY771xOfPh_tvoMPYpXZdY2WUklKphSCiZYV6WQlFVc1CoiVGIzWVCrUujGCZsGnRGF4IW-o2jaK1HCOs7jA_WkwZBH_mZy4zcDikCGsaetfHMSD5AEmzfrigu72aL_Ow2W32X98f2yNM0x-ZQlYa:1ryvmo:EbSN9blQU0ATPF3novZy-ung7FIW8b-R9pSv1R-n3ao	2024-05-06 15:40:54.898+00
4ug2ics2i6dug4iz55bdva9qscsnf1wu	.eJxVjMsOwiAQRf-FtSEdHgIu3fsNhA4zUjWQlHZl_HfbpAvdnnPufYuY1qXEtdMcpywuAsTpl40Jn1R3kR-p3pvEVpd5GuWeyMN2eWuZXtej_TsoqZdtba1hBoPaaKv9WXntGDwBE2fFynv0xNq5AcKgHAFxQNx44EzoUhKfL85kOCU:1sFL6T:vNn91L-3sZdxsOUQiMHpm1eOO_rTTkAsVks6FvDUXMk	2024-06-20 21:57:01.266+00
5dosj2inb98wvq0pa88xgaps5ob6vvrv	.eJxVjjFvwjAQhf9KdXMUObHjABuVUCcYEAOdorPvQtISG9lhQCj_vY4EiI7vvu893R0avI5dc40cmp5gBQVk7zeD9pfdDOgH3cnn1rsx9CaflfxBY771xOfPh_tvoMPYpXZdY2WUklKphSCiZYV6WQlFVc1CoiVGIzWVCrUujGCZsGnRGF4IW-o2jaK1HCOs7jA_WkwZBH_mZy4zcDikCGsaetfHMSD5AEmzfrigu72aL_Ow2W32X98f2yNM0x-ZQlYa:1rv3zd:-At64uvHDMOyRNFiL7Km7zIxe3afATNue81GPnMNa2I	2024-04-25 23:38:09.745+00
6d2iz90bsw9f8ajuwcnjjaupb08oc2xo	.eJxVjjELwjAQhf-K3FxKatK0OgripIM46FQuudOqbSKNDiL976ZQRcd33_ce94IKH_e6egTuqjPBHDJIfm8G7ZXdAOiC7uRT6929O5t0UNKRhnTtiZvF6P4N1Bjq2C4KzI1SUipVCiKa5ahnuVCUFywkWmI0UtNUodaZESwjNkc0hkthp_oYR9FaDgHmLxgezfoEOt_wJ8uYrW9v6J5fJQGHbTRgt9wst6vDZL2Hvn8DFoNOOw:1ruClC:E0qO9d4YMpkzq29PLxlUCSsoYAWVY6TI-tBybhuGAsg	2024-04-23 14:47:42.205+00
6wrjgeep9ndunz3bamjis1wnuqcyf6u9	e30:1sFL4v:ddXdUUoIHEPu8gp_YG1AiX5z3GWUci4N_pKXLfNePhE	2024-06-20 21:55:25.001+00
76g9f1j6ouyvsikj0cvophrimpwem6fw	e30:1ruz2Z:DjpN2KOIGAaAx3qml0Tk7BPB3hxXnvnQZibGwPHgsK4	2024-04-25 18:20:51.93+00
86x388qmha0fxt4m4skqm0o5skteu1md	.eJxVjjFvwjAQhf9KdXMUObHjABuVUCcYEAOdorPvQtISG9lhQCj_vY4EiI7vvu893R0avI5dc40cmp5gBQVk7zeD9pfdDOgH3cnn1rsx9CaflfxBY771xOfPh_tvoMPYpXZdY2WUklKphSCiZYV6WQlFVc1CoiVGIzWVCrUujGCZsGnRGF4IW-o2jaK1HCOs7jA_WkwZBH_mZy4zcDikCGsaetfHMSD5AEmzfrigu72aL_Ow2W32X98f2yNM0x-ZQlYa:1rzH3l:NzqfE2A9LeM4aWH9Jv44xXuFT9xWOFc09_U2tdH1ot8	2024-05-07 14:23:49.197+00
8c7x4clo8lp3tug0za4vocbipk2z7ckd	.eJxVkM1OwzAQhF8F-VxZiR2StCdAqioO5YA4wCla25vE4B9kpxVVlXfHUZNSjrPzzexqz6SBw9A3h4ih0YpsSElWtzMB8gvdZKhPcJ2n0rshaEEnhM5upHuv0DzN7L-CHmKf0pVCrJkSLRSCA0cogHNRMHHPGOOiZvU6yyFvlcRayarlGSih6pKrdo1VVqVSkBJjJJszmQ4txhUJ3uCi2Yo4sEmSR2W103EIoHxIOYNHNAlIAentN7jTksmvmbfty_Z193G3fycJmw5fmPIiZ-75CM4B3YEIGg2Qa8HFmLZBHJp5eIOhBW3-CrrZeRjQYehO6a2W2h8yjr8o-oOT:1sCkyn:_HSlx3ptmQfv0Y3knzDbjDOcNmcdRCsyBCfkbYpS0AY	2024-06-13 18:58:25.064+00
8grbpam30zpuyy0pqzfawihr6a341usd	.eJxVkM1OwzAQhF8F-VxZiR2StCdAqioO5YA4wCla25vE4B9kpxVVlXfHUZNSjrPzzexqz6SBw9A3h4ih0YpsSElWtzMB8gvdZKhPcJ2n0rshaEEnhM5upHuv0DzN7L-CHmKf0pVCrJkSLRSCA0cogHNRMHHPGOOiZvU6yyFvlcRayarlGSih6pKrdo1VVqVSkBJjJJszmQ4txhUJ3uCi2Yo4sEmSR2W103EIoHxIOYNHNAlIAentN7jTksmvmbfty_Z193G3fycJmw5fmPIiZ-75CM4B3YEIGg2Qa8HFmLZBHJp5eIOhBW3-CrrZeRjQYehO6a2W2h8yjr8o-oOT:1sAcm3:Nnrd8dKkGbQELQy5FK0ojVcK2B10xjnD_S5kuxOtRw0	2024-06-07 21:48:27.477+00
8qk1f2cz4hp2s6pqqa4odu49yoyg441f	.eJxVjjFvwjAQhf9KdXMUObHjABuVUCcYEAOdorPvQtISG9lhQCj_vY4EiI7vvu893R0avI5dc40cmp5gBQVk7zeD9pfdDOgH3cnn1rsx9CaflfxBY771xOfPh_tvoMPYpXZdY2WUklKphSCiZYV6WQlFVc1CoiVGIzWVCrUujGCZsGnRGF4IW-o2jaK1HCOs7jA_WkwZBH_mZy4zcDikCGsaetfHMSD5AEmzfrigu72aL_Ow2W32X98f2yNM0x-ZQlYa:1s40QC:UpHGiGWNB2NKIRtULhOyEC_mdXVyFlmFAnlYmaq72uc	2024-05-20 15:38:32.161+00
93y92s95vcb77y4g4sqgm062zjrfrzuz	.eJxVUMtOwzAQ_BW05yiq8yBOTwWp4lQOiAOcoq29TgyJjWwHUar8O7YUqvY4s_PSnqHDOQzd7Ml1WsIWGGTX3BHFJ5l0kB9oepsLa4LTxzxJ8vXq84OVND6u2puAAf0Q3XVdKcUqUVZlXfL7gpeNYpyYIiULVXAuOKmyaTas3RQNMVKtEJFvlSTRIMZQFIK8h-0Z0lC2ZODsSP-4yMDgFCE8yEkb7YNDaV30jfRNYxREg7DTF5rTJePied0_71-e3u8ObxBlafiVJsFVhykbbqtSBfrQrVyENKGOjTCPOk7O-zloco5-d4EMuf4Unzjl0w8syx8j6Hx3:1sAcEk:570iSGhEUArJuba6EnHNP14_cYv8iosX0WrwjDfEkEM	2024-06-07 21:14:02.435+00
9bxe44l9vjdh1uf7olsljuw7xphd8q1o	.eJxVjjFvwjAQhf9KdXMUObHjABuVUCcYEAOdorPvQtISG9lhQCj_vY4EiI7vvu893R0avI5dc40cmp5gBQVk7zeD9pfdDOgH3cnn1rsx9CaflfxBY771xOfPh_tvoMPYpXZdY2WUklKphSCiZYV6WQlFVc1CoiVGIzWVCrUujGCZsGnRGF4IW-o2jaK1HCOs7jA_WkwZBH_mZy4zcDikCGsaetfHMSD5AEmzfrigu72aL_Ow2W32X98f2yNM0x-ZQlYa:1s003x:c33sa3kd3eWpQo3Q5ZJPprOZx9N681uAEgsglAyz0bU	2024-05-09 14:27:01.593+00
9njfyupbge9ifulttbmlvrksbd2tspau	.eJxVUMtOwzAQ_BW05yiq8yBOTwWp4lQOiAOcoq29TgyJjWwHUar8O7YUqvY4s_PSnqHDOQzd7Ml1WsIWGGTX3BHFJ5l0kB9oepsLa4LTxzxJ8vXq84OVND6u2puAAf0Q3XVdKcUqUVZlXfL7gpeNYpyYIiULVXAuOKmyaTas3RQNMVKtEJFvlSTRIMZQFIK8h-0Z0lC2ZODsSP-4yMDgFCE8yEkb7YNDaV30jfRNYxREg7DTF5rTJePied0_71-e3u8ObxBlafiVJsFVhykbbqtSBfrQrVyENKGOjTCPOk7O-zloco5-d4EMuf4Unzjl0w8syx8j6Hx3:1sD5ZC:eRpECdp9g4SrSodcOEU2LL_f4UFc-TtgmsQ8dfbyNks	2024-06-14 16:57:22.566+00
9y5ik1l30bqbvomfj90skxcjq0qynqft	.eJxVjjFvwjAQhf9KdXMUObHjABuVUCcYEAOdorPvQtISG9lhQCj_vY4EiI7vvu893R0avI5dc40cmp5gBQVk7zeD9pfdDOgH3cnn1rsx9CaflfxBY771xOfPh_tvoMPYpXZdY2WUklKphSCiZYV6WQlFVc1CoiVGIzWVCrUujGCZsGnRGF4IW-o2jaK1HCOs7jA_WkwZBH_mZy4zcDikCGsaetfHMSD5AEmzfrigu72aL_Ow2W32X98f2yNM0x-ZQlYa:1rzhT2:xnxCfGjF7IPQiE4dFZBuQr3RP8b6GqYx3DO_S-iWlWU	2024-05-08 18:35:40.835+00
9ynucgyla95145i9kcdspyjkp14sh7wh	.eJxVjjELwjAQhf-K3FxKatK0OgripIM46FQuudOqbSKNDiL976ZQRcd33_ce94IKH_e6egTuqjPBHDJIfm8G7ZXdAOiC7uRT6929O5t0UNKRhnTtiZvF6P4N1Bjq2C4KzI1SUipVCiKa5ahnuVCUFywkWmI0UtNUodaZESwjNkc0hkthp_oYR9FaDgHmLxgezfoEOt_wJ8uYrW9v6J5fJQGHbTRgt9wst6vDZL2Hvn8DFoNOOw:1ruiki:HyVotcFjv4_un7G2ZwLeGiKQHIsFRH8IHP9Kb6RaBbg	2024-04-25 00:57:20.218+00
aiyf97voy37najeg63m8hmw3ysda0mkl	.eJxVjjFvwjAQhf9KdXMUObHjABuVUCcYEAOdorPvQtISG9lhQCj_vY4EiI7vvu893R0avI5dc40cmp5gBQVk7zeD9pfdDOgH3cnn1rsx9CaflfxBY771xOfPh_tvoMPYpXZdY2WUklKphSCiZYV6WQlFVc1CoiVGIzWVCrUujGCZsGnRGF4IW-o2jaK1HCOs7jA_WkwZBH_mZy4zcDikCGsaetfHMSD5AEmzfrigu72aL_Ow2W32X98f2yNM0x-ZQlYa:1rzrDO:y5ZK5DNI2Teed9Bilb3sAxdowozGQvJ9KsRF736Etp0	2024-05-09 05:00:10.936+00
anj64zoxb7j87ea5wnvvhqoimilv8hmg	.eJxVjjFvwjAQhf9KdXMUObHjABuVUCcYEAOdorPvQtISG9lhQCj_vY4EiI7vvu893R0avI5dc40cmp5gBQVk7zeD9pfdDOgH3cnn1rsx9CaflfxBY771xOfPh_tvoMPYpXZdY2WUklKphSCiZYV6WQlFVc1CoiVGIzWVCrUujGCZsGnRGF4IW-o2jaK1HCOs7jA_WkwZBH_mZy4zcDikCGsaetfHMSD5AEmzfrigu72aL_Ow2W32X98f2yNM0x-ZQlYa:1rwa1b:93-ECwIdHGgfWv0aRl5pbNoUfJ0XnR1onfyLSt4kKvQ	2024-04-30 04:02:27.73+00
aqtuhgrsi2wr49xo7hmcp14um8uome1n	.eJxVjjFvwjAQhf9KdXMUObHjABuVUCcYEAOdorPvQtISG9lhQCj_vY4EiI7vvu893R0avI5dc40cmp5gBQVk7zeD9pfdDOgH3cnn1rsx9CaflfxBY771xOfPh_tvoMPYpXZdY2WUklKphSCiZYV6WQlFVc1CoiVGIzWVCrUujGCZsGnRGF4IW-o2jaK1HCOs7jA_WkwZBH_mZy4zcDikCGsaetfHMSD5AEmzfrigu72aL_Ow2W32X98f2yNM0x-ZQlYa:1s4Co5:edqMqoXCiSr6lw3IRk1WPYY5_DbZsPFqWGgwkJCnSlY	2024-05-21 04:52:01.903+00
ar9ka5ticydk06vsuu7dlweekb6erk1f	.eJxVjjFvwjAQhf9KdXMUObHjABuVUCcYEAOdorPvQtISG9lhQCj_vY4EiI7vvu893R0avI5dc40cmp5gBQVk7zeD9pfdDOgH3cnn1rsx9CaflfxBY771xOfPh_tvoMPYpXZdY2WUklKphSCiZYV6WQlFVc1CoiVGIzWVCrUujGCZsGnRGF4IW-o2jaK1HCOs7jA_WkwZBH_mZy4zcDikCGsaetfHMSD5AEmzfrigu72aL_Ow2W32X98f2yNM0x-ZQlYa:1rzdWA:muPQc_2TQSosn67jKgkPHvepe4-B9GqviJKAv-sXA2Y	2024-05-08 14:22:38.09+00
b7kusib0pfzz8e8cw7jhjrhoiit5ce5f	.eJxVjjFvwjAQhf9KdXMUObHjABuVUCcYEAOdorPvQtISG9lhQCj_vY4EiI7vvu893R0avI5dc40cmp5gBQVk7zeD9pfdDOgH3cnn1rsx9CaflfxBY771xOfPh_tvoMPYpXZdY2WUklKphSCiZYV6WQlFVc1CoiVGIzWVCrUujGCZsGnRGF4IW-o2jaK1HCOs7jA_WkwZBH_mZy4zcDikCGsaetfHMSD5AEmzfrigu72aL_Ow2W32X98f2yNM0x-ZQlYa:1ryucT:ZIgcuJeAwSxZlvi8vshvL_Sw0XKA9NWSAqil4Dwx9_o	2024-05-06 14:26:09.59+00
cdmw9yfb7l0vb7c8erubay873beg52l6	.eJxVjjELwjAQhf-K3FxKatK0OgripIM46FQuudOqbSKNDiL976ZQRcd33_ce94IKH_e6egTuqjPBHDJIfm8G7ZXdAOiC7uRT6929O5t0UNKRhnTtiZvF6P4N1Bjq2C4KzI1SUipVCiKa5ahnuVCUFywkWmI0UtNUodaZESwjNkc0hkthp_oYR9FaDgHmLxgezfoEOt_wJ8uYrW9v6J5fJQGHbTRgt9wst6vDZL2Hvn8DFoNOOw:1ruaXE:UOx3IdFu5NCDEM7GRUgaal_oyrMrDzYRLf2qim_C9XU	2024-04-24 16:10:52.335+00
cxkdrckj0thphz6vr4javx29eekfgehn	.eJxVUMlOwzAQ_RXkc2TVWYjTU0GqOJUD4gCnaGqPE4MXZCeIUvXfsatQtcf35m2aI-lhnsZ-jhh6LcmaMFJcc3sQn-jyQX6AGzwV3k1B72mW0OUa6c5LNI-L9iZghDgmd9PUSrFaVHXVVPy-5FWrGEemUMlSlZwLjqpq2xXrVmWLDFUnROI7JVG0ACkUhMAYyfpI8lB2KkjwBv9xWRAHNkHyIK12Ok4BpA_JZ_AbTRIkg_D2C9zhknHxvG6fty9P73e7N5JkefiVJsNFBzmb3FblCohTv3AJogWdGslsdJpMh3nSGAL-biZ0GIZDeqKl9idXnZ3Wy9ng-f_l6Q-iVoMY:1sFL0n:PVTSAjw40E_yl1o96C229OoyPxhQHPAj3AHTWkJjvAQ	2024-06-20 21:51:09.535+00
ff9u7hplgfe3fqvv1q2dapcdi3az1nd6	e30:1rty3L:4eOyQdukB8z0ScJTN4wrIuj8PXX8Vn58uERSx8ZCN6E	2024-04-22 23:05:27.101+00
gpc1j4166hfvtur40dt5cc41yi30k3kk	.eJxVjssKwjAQRX9FZl1KatJUXQriSheioKsyyUxtfSTS2IVI_90UVHR555x7mSeU2N3rsgvclg3BDDJIfm8G7ZndAOiE7uhT6929bUw6KOmbhnTliS_zt_s3UGOoY7soMDdKSanURBDRNEc9zYWivGAh0RKjkZrGCrXOjGAZsanQGJ4IO9ZVHEVrOQSYPWF4NOsTaP2FP1km4PAaI-xCh23jIQrWX2_oHt_O19ku1ovN8jBa7aHvX4KnU7I:1ruz3k:6bXFkiIclkcimH6hV8WW2U3BIu4bqNV16blnLwDG-_k	2024-04-25 18:22:04.431+00
gyxtx20h0domegjs5b7mnqm0nr9460ek	e30:1ruz2J:sImiU0CukAqv1e90axJcmhATodFA3V0jjvAPawZgjQ4	2024-04-25 18:20:35.332+00
h1kxak983rsdyawptbi4xga1lgelhnvq	.eJxVUMtOwzAQ_BW05yiq8yBOTwWp4lQOiAOcoq29TgyJjWwHUar8O7YUqvY4s_PSnqHDOQzd7Ml1WsIWGGTX3BHFJ5l0kB9oepsLa4LTxzxJ8vXq84OVND6u2puAAf0Q3XVdKcUqUVZlXfL7gpeNYpyYIiULVXAuOKmyaTas3RQNMVKtEJFvlSTRIMZQFIK8h-0Z0lC2ZODsSP-4yMDgFCE8yEkb7YNDaV30jfRNYxREg7DTF5rTJePied0_71-e3u8ObxBlafiVJsFVhykbbqtSBfrQrVyENKGOjTCPOk7O-zloco5-d4EMuf4Unzjl0w8syx8j6Hx3:1sAHul:DEw5ENAmn4omrdXmx2MHi6oUy0xvihtLfwaWgusScG0	2024-06-06 23:32:03.459+00
i7wdutaxui906h9p9k4xd13hqedhombz	.eJxVUDtPwzAQ_ivo5sjKw0naToBUMZUBMcAUne1rYohtZCeIUuW_Y0uhasfvvqfuDB3O09DNgXynFeyggOz6JlB-kk2E-kDbOyadnbwWLEnYygZ2cIrGx1V7EzBgGKK7bbEWnFcV55tcKbWtsdnWOVd1S3mFUhGKqlElx6YpRE5VpMURhaBNLsvmGENRSgoBdmdIQ4slA-9G-sdlBhZNhPCgjLY6TB6V89E30jeNURAN0pkvtKdLxsXzun_evzy93x3eIMrS8CtNgqsOUzbcVqUKDFO33iIkgzo2wjzqOJn186TJe_q9n8iS70_xiYaZH1iWP1YSfKQ:1s4oFH:EOu3wd74BM5XUDoQ_ofJBHxj-onLiWE8HvUQ03p-HN4	2024-05-22 20:50:35.392+00
impk01wkr3vjzkvc4t4spc3f0r96nyme	.eJxVjjFvwjAQhf9KdXMUObHjABuVUCcYEAOdorPvQtISG9lhQCj_vY4EiI7vvu893R0avI5dc40cmp5gBQVk7zeD9pfdDOgH3cnn1rsx9CaflfxBY771xOfPh_tvoMPYpXZdY2WUklKphSCiZYV6WQlFVc1CoiVGIzWVCrUujGCZsGnRGF4IW-o2jaK1HCOs7jA_WkwZBH_mZy4zcDikCGsaetfHMSD5AEmzfrigu72aL_Ow2W32X98f2yNM0x-ZQlYa:1rvIBk:mHXPUIRvH8BqZ2UO_MqMhaglYT2237pLS8YrOUIETgc	2024-04-26 14:47:36.713+00
j3ponrddqy1x1d6tjtn965vwn821go5k	.eJxVjjFvwjAQhf9KdXMUObHjABuVUCcYEAOdorPvQtISG9lhQCj_vY4EiI7vvu893R0avI5dc40cmp5gBQVk7zeD9pfdDOgH3cnn1rsx9CaflfxBY771xOfPh_tvoMPYpXZdY2WUklKphSCiZYV6WQlFVc1CoiVGIzWVCrUujGCZsGnRGF4IW-o2jaK1HCOs7jA_WkwZBH_mZy4zcDikCGsaetfHMSD5AEmzfrigu72aL_Ow2W32X98f2yNM0x-ZQlYa:1rxp4C:zY240VDj8xYB2CrsWswvHy6bMF5kTefNpJuIOjIw2us	2024-05-03 14:18:16.458+00
jqkyjccsvups8decor41j163jsnsxmw0	.eJxVUMtOwzAQ_BW05yiq8yBOTwWp4lQOiAOcoq29TgyJjWwHUar8O7YUqvY4s_PSnqHDOQzd7Ml1WsIWGGTX3BHFJ5l0kB9oepsLa4LTxzxJ8vXq84OVND6u2puAAf0Q3XVdKcUqUVZlXfL7gpeNYpyYIiULVXAuOKmyaTas3RQNMVKtEJFvlSTRIMZQFIK8h-0Z0lC2ZODsSP-4yMDgFCE8yEkb7YNDaV30jfRNYxREg7DTF5rTJePied0_71-e3u8ObxBlafiVJsFVhykbbqtSBfrQrVyENKGOjTCPOk7O-zloco5-d4EMuf4Unzjl0w8syx8j6Hx3:1sAacH:orBzqLiYU9q6dC-LIPCvdLOAO57DD_kZS_ojW38rGqY	2024-06-07 19:30:13.281+00
k9vm2nd3oucabru4sx5qcjgxpbaj18v5	.eJxVjjFvwjAQhf9KdXMUObHjABuVUCcYEAOdorPvQtISG9lhQCj_vY4EiI7vvu893R0avI5dc40cmp5gBQVk7zeD9pfdDOgH3cnn1rsx9CaflfxBY771xOfPh_tvoMPYpXZdY2WUklKphSCiZYV6WQlFVc1CoiVGIzWVCrUujGCZsGnRGF4IW-o2jaK1HCOs7jA_WkwZBH_mZy4zcDikCGsaetfHMSD5AEmzfrigu72aL_Ow2W32X98f2yNM0x-ZQlYa:1s2tog:TXRXya29cxMhKEtpC8WZ-UNqTQBdW1qGO4mEUrK-ffI	2024-05-17 14:23:14.609+00
kmxpcpgh3q8vur3jwvwqg1db5hfkesfv	.eJxVjjFvwjAQhf9KdXMUObHjABuVUCcYEAOdorPvQtISG9lhQCj_vY4EiI7vvu893R0avI5dc40cmp5gBQVk7zeD9pfdDOgH3cnn1rsx9CaflfxBY771xOfPh_tvoMPYpXZdY2WUklKphSCiZYV6WQlFVc1CoiVGIzWVCrUujGCZsGnRGF4IW-o2jaK1HCOs7jA_WkwZBH_mZy4zcDikCGsaetfHMSD5AEmzfrigu72aL_Ow2W32X98f2yNM0x-ZQlYa:1rwOTi:L5EdrT73WDfSJWFEMuqVMZDAQGXHoau6HHMB9Vdy3y4	2024-04-29 15:42:42.606+00
kzyzmzqc3twjguntfyqtpbp3lafie4vo	.eJxVjjFvwjAQhf9KdXMUObHjABuVUCcYEAOdorPvQtISG9lhQCj_vY4EiI7vvu893R0avI5dc40cmp5gBQVk7zeD9pfdDOgH3cnn1rsx9CaflfxBY771xOfPh_tvoMPYpXZdY2WUklKphSCiZYV6WQlFVc1CoiVGIzWVCrUujGCZsGnRGF4IW-o2jaK1HCOs7jA_WkwZBH_mZy4zcDikCGsaetfHMSD5AEmzfrigu72aL_Ow2W32X98f2yNM0x-ZQlYa:1s2MLb:0OWUyeg8WlI6JmJWqEIqTnAedsEegTpZUfoU3uAffMM	2024-05-16 02:38:59.04+00
ns6fsfuw002uz5r0rqegl7071nw7y885	.eJxVjjFvwjAQhf9KdXMUObHjABuVUCcYEAOdorPvQtISG9lhQCj_vY4EiI7vvu893R0avI5dc40cmp5gBQVk7zeD9pfdDOgH3cnn1rsx9CaflfxBY771xOfPh_tvoMPYpXZdY2WUklKphSCiZYV6WQlFVc1CoiVGIzWVCrUujGCZsGnRGF4IW-o2jaK1HCOs7jA_WkwZBH_mZy4zcDikCGsaetfHMSD5AEmzfrigu72aL_Ow2W32X98f2yNM0x-ZQlYa:1s4AFq:KE8Wa4x-njDi610TZH_bxIEJUZQ9rryfUkl025wOckE	2024-05-21 02:08:30.994+00
o84fy6s9bu5ajw7okxa0quhti522vb29	.eJxVjjFvwjAQhf9KdXMUObHjABuVUCcYEAOdorPvQtISG9lhQCj_vY4EiI7vvu893R0avI5dc40cmp5gBQVk7zeD9pfdDOgH3cnn1rsx9CaflfxBY771xOfPh_tvoMPYpXZdY2WUklKphSCiZYV6WQlFVc1CoiVGIzWVCrUujGCZsGnRGF4IW-o2jaK1HCOs7jA_WkwZBH_mZy4zcDikCGsaetfHMSD5AEmzfrigu72aL_Ow2W32X98f2yNM0x-ZQlYa:1s1pPT:QlBYnLQm210Yvq9zbB28wMfkylmaNvkR2XKe6vzgi18	2024-05-14 15:28:47.777+00
oxhgetiuc6xiuqo57z0ko66zlvmswc7g	.eJxVkE1PwzAMhv8K8nmq0u92pzFp4jQOwAFOlZO4a6BNUNIhVVP_Owm0FRxf-3lsyzdo8Dp2zdWRbZSEPeSw-1vjKD5Ih4Z8R30xkTB6tIpHAYmWrovORlJ_XNh_Azp0nbfjnFXIs5axgljGOJMVYzIVfgK1sszLnBdlUsRZEtd1miXIRZEWSdwmImNVzf1QFIKcg_0NwqHpvANrelpzsgONg49wLwellRstSmO919MX9R7wgjDDJ-ppdeLNeTk9np4e3u7Or-CxcPjK5L9x4Y52Qu2wVxodbPZPNWxCNzZL7XmDaEDl9wMPVLTIh5E02cvk_znAPH8Dbth-xg:1sAcGl:cmnlz3RHifnWkgJ4rLr62RTdnWFskgQR3mRIdbBYci4	2024-06-07 21:16:07.846+00
dynn96lju78cenwdctzqg3slr5lfq0ec	.eJxVjDsOwjAQBe_iGllex_GHkj5niNbZNQ4gW4qTCnF3EikFtDPz3luMuK153Bov40ziKsCLyy-MOD25HIYeWO5VTrWsyxzlkcjTNjlU4tftbP8OMra8r72zDNFQ1FabiB0FhK7fkYO-B60sqJQSA-kQGFW0VvmQyBk_aUZG8fkC_1c4Lg:1sMX1M:VvsBUMTjqRmdIPYkz8CUQqANJEyBqSC2Lg6YIZs4rjU	2024-06-26 19:05:28.41301+00
pmfnrk43h3p64oh5tg63xmotpd7spn40	.eJxVjjELwjAQhf-K3FxKatK0OgripIM46FQuudOqbSKNDiL976ZQRcd33_ce94IKH_e6egTuqjPBHDJIfm8G7ZXdAOiC7uRT6929O5t0UNKRhnTtiZvF6P4N1Bjq2C4KzI1SUipVCiKa5ahnuVCUFywkWmI0UtNUodaZESwjNkc0hkthp_oYR9FaDgHmLxgezfoEOt_wJ8uYrW9v6J5fJQGHbTRgt9wst6vDZL2Hvn8DFoNOOw:1ruHBa:u22bGoyAEEHDRq4UemIJ0IC4H2iExdYwve8Zyi6fDnY	2024-04-23 19:31:14.88+00
eaxx7snxyv2kov8ddtnzzqxhspcc30rh	.eJxVUDtPwzAQ_ivo5iiK3Tw7FaSKqQyoA52iS3xJDImN7BSpqvLfOYtQyub7Xvedr1DjeR7qsydXawVbECVE92CD7QeZwKh3NL2NW2tmp5s4SOKV9fHBKhqfVu2_gAH9wO6yyEk0qWpkLtMGN6pCsckYKkSWCZnkIum6joSSVUWYNHmelFWnirRsJSEhh2LbkvewvUJoKvIlAmdH-gVkBAYnHuFRTdpoPztU1rFxpC8aWcCG1k6faC63kJvnuH_Zvz6fHg5vwLLQ_KYpf-b78OMJ_pxkyPWXsAf9XK8o50RAE2peDJ7L8NsnItZmJseXaGt2faD5QydYlm-gDX8B:1sJZvL:pSmOHfyktuaeymy8O4ShuhBWYZl20zYYShmb9CcwOzo	2024-06-18 15:35:03.939754+00
rr27svpvmrd91g9bhg7ffp5kqrtfsajh	.eJxVjjFvwjAQhf9KdXMUObHjABuVUCcYEAOdorPvQtISG9lhQCj_vY4EiI7vvu893R0avI5dc40cmp5gBQVk7zeD9pfdDOgH3cnn1rsx9CaflfxBY771xOfPh_tvoMPYpXZdY2WUklKphSCiZYV6WQlFVc1CoiVGIzWVCrUujGCZsGnRGF4IW-o2jaK1HCOs7jA_WkwZBH_mZy4zcDikCGsaetfHMSD5AEmzfrigu72aL_Ow2W32X98f2yNM0x-ZQlYa:1rwoI1:SEmDuHWtNM459ktvkonNzNlRWTQ-H4RDg7JFLGKOyCI	2024-04-30 19:16:21.865+00
sue409nfc3xadltzl728cd3vp00x8zxf	e30:1s4RpJ:TapscIIITpVgs30ICz3PI2GRUnc40hOshepKsIB-ijY	2024-05-21 20:54:17.414+00
il8ididilvwuupt23nv53i4ekuzi9jz9	.eJxlkEtPwzAQhP9K5XNk1XmQpCdAqjiVAw8JTtHWXicGPyo7RpSq_x2nRFVRjzM73-5oD6SDOA5dDOg7JciKMJJdelvgn2ingfgA2zvKnR292tIpQudpoBsnUN_P2X8LBghDoquqlJKVvCiLqmhu8qaoJWuQSZQil3nT8AZlUddL1i7zGhnKlvPkt1IgrwHSUuAcQyCrA5mKsmNGvNN41hmxYJIkz3GHfvEaInjlEqfxC_UfwJ3Zgd1fMy_rx_XTw_ti80ZSbCp-kZnknANhlCVn7G6WGsLYzV6SaECliyRqlSrTPo4Kvcef2xEt-n6fnmio-Z5OnUjjRNR4-n9-_AV3boLc:1sHV3c:Rnoblkst2z_Zw_ZnqKW85SdnOBlyPWA36zovUBbN0KE	2024-06-12 21:59:00.050651+00
wkhl9xkz53q53b5nihv7fo7vwltj66oi	.eJxVjjFvwjAQhf9KdXMUObHjABuVUCcYEAOdorPvQtISG9lhQCj_vY4EiI7vvu893R0avI5dc40cmp5gBQVk7zeD9pfdDOgH3cnn1rsx9CaflfxBY771xOfPh_tvoMPYpXZdY2WUklKphSCiZYV6WQlFVc1CoiVGIzWVCrUujGCZsGnRGF4IW-o2jaK1HCOs7jA_WkwZBH_mZy4zcDikCGsaetfHMSD5AEmzfrigu72aL_Ow2W32X98f2yNM0x-ZQlYa:1rxSYL:9-kR2a5fFTLwcHR2wPFsnR9jkD0lsULL9UM3CdusD-A	2024-05-02 14:15:53.382+00
x61myen101kmqvy4czze5envo5qrssqw	.eJxVUDtPwzAQ_ivo5sjKw0naToBUMZUBMcAUne1rYohtZCeIUuW_Y0uhasfvvqfuDB3O09DNgXynFeyggOz6JlB-kk2E-kDbOyadnbwWLEnYygZ2cIrGx1V7EzBgGKK7bbEWnFcV55tcKbWtsdnWOVd1S3mFUhGKqlElx6YpRE5VpMURhaBNLsvmGENRSgoBdmdIQ4slA-9G-sdlBhZNhPCgjLY6TB6V89E30jeNURAN0pkvtKdLxsXzun_evzy93x3eIMrS8CtNgqsOUzbcVqUKDFO33iIkgzo2wjzqOJn186TJe_q9n8iS70_xiYaZH1iWP1YSfKQ:1s4UGn:9X0sQ8P_XMdJeSM-__ZQoQZM34iNjxZ-WIUP1hD435M	2024-05-21 23:30:49.73+00
zp88t1w0veovajfwuwf15vlju2kdznpo	.eJxlkEtPwzAQhP9K5XNk1XmQpCdAqjiVAw8JTtHWXicGPyo7RpSq_x2nRFVRjzM73-5oD6SDOA5dDOg7JciKMJJdelvgn2ingfgA2zvKnR292tIpQudpoBsnUN_P2X8LBghDoquqlJKVvCiLqmhu8qaoJWuQSZQil3nT8AZlUddL1i7zGhnKlvPkt1IgrwHSUuAcQyCrA5mKsmNGvNN41hmxYJIkz3GHfvEaInjlEqfxC_UfwJ3Zgd1fMy_rx_XTw_ti80ZSbCp-kZnknANhlCVn7G6WGsLYzV6SaECliyRqlSrTPo4Kvcef2xEt-n6fnmio-Z5OnUjjRNR4-n9-_AV3boLc:1sHo4p:FIAmQbR2udCLTMoldVbdb3Gc_ObYV67y0CxMCMoqRqc	2024-06-13 18:17:31.178785+00
efl5z0hutf0i8nf709km5jmb85c10goj	.eJxVkUtPwzAQhP8K8rmyUjskaU-AVFUcygFxgFO09m4e4Aey04qq6n_HadNSjrPzzezKPrAatkNXbyOFuke2ZAWb3c4U6C9yo4Gf4FrPtXdD6BUfET65kW88knma2H8FHcQupUskqgSqBnIlQRLkIKXKhboXQkhViWqRzWHeoKYKddnIDFBhVUhsFlRmZSoFrSlGtjyw8dD8OGPBG7poMWMObJLsEW3v-jgEQB9SztCOTAJSQHv7DW5_ycyvmbfVy-p1_XG3eWcJGw-_MMVZTtzzDpwDvgYVejLArgVnY9wGcain4Q1GFnrzV9BOzsNAjkK7T89quf0Zl58KrMetodOPiOMvLouKNA:1sHopf:frupCndhQGE0SEdS7udPIet_P1TXnZbgsKQ71lXusgw	2024-06-13 19:05:55.045964+00
oapu2huae3uyhsc97q1pji4at07yinzj	.eJxlkEtPwzAQhP9K5XNk1XmQpCdAqjiVAw8JTtHWXicGPyo7RpSq_x2nRFVRjzM73-5oD6SDOA5dDOg7JciKMJJdelvgn2ingfgA2zvKnR292tIpQudpoBsnUN_P2X8LBghDoquqlJKVvCiLqmhu8qaoJWuQSZQil3nT8AZlUddL1i7zGhnKlvPkt1IgrwHSUuAcQyCrA5mKsmNGvNN41hmxYJIkz3GHfvEaInjlEqfxC_UfwJ3Zgd1fMy_rx_XTw_ti80ZSbCp-kZnknANhlCVn7G6WGsLYzV6SaECliyRqlSrTPo4Kvcef2xEt-n6fnmio-Z5OnUjjRNR4-n9-_AV3boLc:1sH5z1:nC3jiU1oH1qkBM2Ua0i8vcwvSIMNjo7X9P2qmYpDXF4	2024-06-25 18:12:35.132857+00
j7o1dgzm2thl2zykt2s4xwzct1n0ltlm	.eJxVUMlOwzAQ_RXkc2TVWYjTU0GqOJUD4gCnaGqPE4MXZCeIUvXfsatQtcf35m2aI-lhnsZ-jhh6LcmaMFJcc3sQn-jyQX6AGzwV3k1B72mW0OUa6c5LNI-L9iZghDgmd9PUSrFaVHXVVPy-5FWrGEemUMlSlZwLjqpq2xXrVmWLDFUnROI7JVG0ACkUhMAYyfpI8lB2KkjwBv9xWRAHNkHyIK12Ok4BpA_JZ_AbTRIkg_D2C9zhknHxvG6fty9P73e7N5JkefiVJsNFBzmb3FblCohTv3AJogWdGslsdJpMh3nSGAL-biZ0GIZDeqKl9idXnZ3Wy9ng-f_l6Q-iVoMY:1sH66Z:PdTATAKbLtTmOZSOM0eCBXUCKIgBAxO4Sv17h7yBXbM	2024-06-25 18:20:23.407223+00
96zx2k91jgu1npuq5pd8zrcn3ceifz8n	.eJxlkEtPwzAQhP9K5XNk1XmQpCdAqjiVAw8JTtHWXicGPyo7RpSq_x2nRFVRjzM73-5oD6SDOA5dDOg7JciKMJJdelvgn2ingfgA2zvKnR292tIpQudpoBsnUN_P2X8LBghDoquqlJKVvCiLqmhu8qaoJWuQSZQil3nT8AZlUddL1i7zGhnKlvPkt1IgrwHSUuAcQyCrA5mKsmNGvNN41hmxYJIkz3GHfvEaInjlEqfxC_UfwJ3Zgd1fMy_rx_XTw_ti80ZSbCp-kZnknANhlCVn7G6WGsLYzV6SaECliyRqlSrTPo4Kvcef2xEt-n6fnmio-Z5OnUjjRNR4-n9-_AV3boLc:1sHqiX:Y9zdCuoLxgFWSKZwqu7GZlUNuShOGPfZZsua9etKFUE	2024-06-13 21:06:41.751222+00
yh0ipexpjoixfa6kzdeijsdddvntu0ge	.eJxlkEtPwzAQhP9K5XNk1XmQpCdAqjiVAw8JTtHWXicGPyo7RpSq_x2nRFVRjzM73-5oD6SDOA5dDOg7JciKMJJdelvgn2ingfgA2zvKnR292tIpQudpoBsnUN_P2X8LBghDoquqlJKVvCiLqmhu8qaoJWuQSZQil3nT8AZlUddL1i7zGhnKlvPkt1IgrwHSUuAcQyCrA5mKsmNGvNN41hmxYJIkz3GHfvEaInjlEqfxC_UfwJ3Zgd1fMy_rx_XTw_ti80ZSbCp-kZnknANhlCVn7G6WGsLYzV6SaECliyRqlSrTPo4Kvcef2xEt-n6fnmio-Z5OnUjjRNR4-n9-_AV3boLc:1sHs1e:3Jqatd_8rBX1ENzUxl0WkD_GssQnBwLUZK41B0FZq7Y	2024-06-13 22:30:30.726278+00
849zo2djtakq27z0nazvlol25v44fbvz	e30:1sH9mL:vEZEGO4Q9x5H7mpiihy4gVY6V6ihPkAoy7hUapvXrq8	2024-06-25 22:15:45.147388+00
aegbxbw9m3trqlyise4b3z3vy6kgbvhh	e30:1sH9mV:JXks_tH3sxV-gwk57sgsQ-zFuRoJ7cZvJPRt8GHYwNU	2024-06-25 22:15:55.601395+00
hqe4crsreakep68t1279fdj60qcnuie5	.eJxlkEtPwzAQhP9K5XMU1XFCkp4AqeJUDjwkOEVbe50Y_KjsGFGq_necElVFPc7sfLujPZAO4jh0MaDvlCArQkl26W2Bf6KdBuIDbO9y7uzo1TafIvk8DfnGCdT3c_bfggHCkOiqKqWkJWclq1hzUzSslrRBKlGKQhZNwxuUrK6XtF0WNVKULefJb6VAXgOkpcA5hkBWBzIVpceMeKfxrDNiwSRJnuMO_eI1RPDKJU7jF-o_gDuzA7u_Zl7Wj-unh_fF5o2k2FT8IjPJOQfCKEvO2N0sNYSxm70k0YBKF0nUKlXO-zgq9B5_bke06Pt9eqLJzfd06kQaJ6LG0__Z8Rd3cILd:1sI8m7:mjoSBUM2SRmTzQF9zcpNEibCWz5kYDcAvuyqfL7cU5w	2024-06-14 16:23:35.502597+00
ennitx8szv4m1o7a8u5iw38bhnvpyihl	.eJxlkEtPwzAQhP9K5XMU1XFCkp4AqeJUDjwkOEVbe50Y_KjsGFGq_necElVFPc7sfLujPZAO4jh0MaDvlCArQkl26W2Bf6KdBuIDbO9y7uzo1TafIvk8DfnGCdT3c_bfggHCkOiqKqWkJWclq1hzUzSslrRBKlGKQhZNwxuUrK6XtF0WNVKULefJb6VAXgOkpcA5hkBWBzIVpceMeKfxrDNiwSRJnuMO_eI1RPDKJU7jF-o_gDuzA7u_Zl7Wj-unh_fF5o2k2FT8IjPJOQfCKEvO2N0sNYSxm70k0YBKF0nUKlXO-zgq9B5_bke06Pt9eqLJzfd06kQaJ6LG0__Z8Rd3cILd:1sIF0z:AvhwtRNkuTjLHkpV1A1hWSIomgJVEufvxXBGvbYpLs4	2024-06-14 23:03:21.522192+00
nyysvwhn3xsp7c7gpfe508lt66ev36o3	.eJxlkEtPwzAQhP9K5XMU1XFCkp4AqeJUDjwkOEVbe50Y_KjsGFGq_necElVFPc7sfLujPZAO4jh0MaDvlCArQkl26W2Bf6KdBuIDbO9y7uzo1TafIvk8DfnGCdT3c_bfggHCkOiqKqWkJWclq1hzUzSslrRBKlGKQhZNwxuUrK6XtF0WNVKULefJb6VAXgOkpcA5hkBWBzIVpceMeKfxrDNiwSRJnuMO_eI1RPDKJU7jF-o_gDuzA7u_Zl7Wj-unh_fF5o2k2FT8IjPJOQfCKEvO2N0sNYSxm70k0YBKF0nUKlXO-zgq9B5_bke06Pt9eqLJzfd06kQaJ6LG0__Z8Rd3cILd:1sHAiZ:2CcI1q48uzb5ysCRrNEjoZCPIxePQ5fnEG0Hd_fir84	2024-06-25 23:15:55.962504+00
vlgcinfmeycpweyeffz13fucbj861552	.eJxVUMlOwzAQ_RXkc2TVWYjTU0GqOJUD4gCnaGqPE4MXZCeIUvXfsatQtcf35m2aI-lhnsZ-jhh6LcmaMFJcc3sQn-jyQX6AGzwV3k1B72mW0OUa6c5LNI-L9iZghDgmd9PUSrFaVHXVVPy-5FWrGEemUMlSlZwLjqpq2xXrVmWLDFUnROI7JVG0ACkUhMAYyfpI8lB2KkjwBv9xWRAHNkHyIK12Ok4BpA_JZ_AbTRIkg_D2C9zhknHxvG6fty9P73e7N5JkefiVJsNFBzmb3FblCohTv3AJogWdGslsdJpMh3nSGAL-biZ0GIZDeqKl9idXnZ3Wy9ng-f_l6Q-iVoMY:1sHRx7:EgZdbIeSFpjTQtt4CfuMx9wQjQ5Re2sr2i64eWDcohA	2024-06-26 17:40:05.30031+00
kjkm7ibnqr260krrl2xpdtqz23itxl0f	.eJxlkM1qwzAQhF8l6GyMJceWm1sKoaf00B9oT2YlrWq1shQsu1CC371SK0JKddLMfLMseyY9LPPQLwGn3iiyI5QU154A-YEuBeod3JsvpXfzZESZkDKnoTx6hfY2s38GDBCG2BYtdG3HQfO6anQtWCcaVjXANKNNfLyOntKVQGTIgG7pDW86yTVl25ZrHoeClBgC2Z1JWpSuBZm8xYsuiIMxSvK4nHDaPIcFJuNjz-In2t-C9OMJ3Nf_ztPh_vBw97o5vpCIpcWvmCQzB2o0jlxq-ywthLnPXpQ4grHpu-Zo9Gqx-HPgev0GWPF1dw:1sYvs1:qdvzQdbdMvID9UUtfj7aXCmoVSpZW4QLAH2ALkUwTpU	2024-07-31 00:03:05.479049+00
9izgw9iuop8iwqpgk1jbesydvekwplfk	.eJxVUTtvwjAQ_ivVzVEUG8iDiVZCnehQMZQpusSXxG1sV3ZSCSH-e8-UUrr5vvtetk9Q4zwN9RzI11rBGkQJyT3YYPtBNm7UO9repa2zk9dNGinpdRvSnVM0Pl25_wwGDAOryyIn0SxVI3O5bHChKhSLFUOFWK2EzHKRdV1HQsmqIsyaPM_KqlPFsmwlISGbYttSCLA-QWwq8nMC3o30C8gELBoe4VEZbXWYPCrnWTjSF41MYEHrzCfa483kptlvX7avz4eH3RswLTa_ccqf-d58f4A_JVny_THmYJjqK8o-CZBBzcEQuAyfQyZSbSfyfBPt7KaPa35QEyMvYuPUPNLlJ-T5G07IhaI:1sJaMb:CgPi3ufGUnLmk3l97aHHCg1QKVN1YNLSUXFGpoxioV4	2024-06-18 16:03:13.257102+00
8jub70o273sium924czwg05u2qnt64x6	.eJxVUTtvgzAQ_ivVzQhh3mRKK0Wd0qHK0EzowAe4BbuyoVIU5b_3nNI03XzffS_bZ6hxmYd6cWRrJWEDooTgHmyw_SDtN_IddW_C1ujZqib0lHDdunBvJI1PK_efwYBuYHVZ5CSaVDZxHqcNJrJCkWQMFSLLRBzlIuq6joSMq4owavI8KqtOFmnZxoSEbIptS87B5gy-qcgvAVgz0i8QB6Bx4hEe5aS0crNFaSwLR_qikQksaM30ifp0M7lpDruX3evz8WH_BkzzzW-c8me-Nz8c4U9Jmmx_8jno5npF2ScAmlBxMDguw2cXiVDpmSzfRBm97f2aH3TykVfxZOQy0vUnkss3TsqFow:1sKhaV:93oE8sMyRYpiQwAr1YGEvod6qqaT5L2jIvAMpiC_haA	2024-06-21 17:58:11.375379+00
zw1u8okm7gcazelsdsel3inxu5uvu8m4	.eJxVUTtvgzAQ_ivVzQhh3mRKK0Wd0qHK0EzowAe4BbuyoVIU5b_3nNI03XzffS_bZ6hxmYd6cWRrJWEDooTgHmyw_SDtN_IddW_C1ujZqib0lHDdunBvJI1PK_efwYBuYHVZ5CSaVDZxHqcNJrJCkWQMFSLLRBzlIuq6joSMq4owavI8KqtOFmnZxoSEbIptS87B5gy-qcgvAVgz0i8QB6Bx4hEe5aS0crNFaSwLR_qikQksaM30ifp0M7lpDruX3evz8WH_BkzzzW-c8me-Nz8c4U9Jmmx_8jno5npF2ScAmlBxMDguw2cXiVDpmSzfRBm97f2aH3TykVfxZOQy0vUnkss3TsqFow:1sJFLZ:mpuMO87Cj1AxcwdQxBY_ovyUXhpKy0DVxTmaBJBg52g	2024-06-17 17:36:45.41545+00
ivbzk7h2th409c5invk9wdbf4b27j3bi	.eJxlkM1qwzAQhF8l6GyMJceWm1sKoaf00B9oT2YlrWq1shQsu1CC371SK0JKddLMfLMseyY9LPPQLwGn3iiyI5QU154A-YEuBeod3JsvpXfzZESZkDKnoTx6hfY2s38GDBCG2BYtdG3HQfO6anQtWCcaVjXANKNNfLyOntKVQGTIgG7pDW86yTVl25ZrHoeClBgC2Z1JWpSuBZm8xYsuiIMxSvK4nHDaPIcFJuNjz-In2t-C9OMJ3Nf_ztPh_vBw97o5vpCIpcWvmCQzB2o0jlxq-ywthLnPXpQ4grHpu-Zo9Gqx-HNgtn4DWO91dg:1sKhgm:RPgJcfExIjk_k6dPwikB95oKjnse1Uy1VwQ_qOZTR90	2024-06-21 18:04:40.030888+00
zcddblpibsnndqhipp9cqdst3zami0gd	.eJxVUTtvgzAQ_ivVzQhh3mRKK0Wd0qHK0EzowAe4BbuyoVIU5b_3nNI03XzffS_bZ6hxmYd6cWRrJWEDooTgHmyw_SDtN_IddW_C1ujZqib0lHDdunBvJI1PK_efwYBuYHVZ5CSaVDZxHqcNJrJCkWQMFSLLRBzlIuq6joSMq4owavI8KqtOFmnZxoSEbIptS87B5gy-qcgvAVgz0i8QB6Bx4hEe5aS0crNFaSwLR_qikQksaM30ifp0M7lpDruX3evz8WH_BkzzzW-c8me-Nz8c4U9Jmmx_8jno5npF2ScAmlBxMDguw2cXiVDpmSzfRBm97f2aH3TykVfxZOQy0vUnkss3TsqFow:1sKlbk:W9wscAWrNIK_1TtgNNQZ6sHoGy_0PyVCGYUfVxLnHoU	2024-06-21 22:15:44.78881+00
vin6snl8y3orhnlzvuq4prlakf21yh75	.eJxVUTtvgzAQ_ivVzQhh3mRKK0Wd0qHK0EzowAe4BbuyoVIU5b_3nNI03XzffS_bZ6hxmYd6cWRrJWEDooTgHmyw_SDtN_IddW_C1ujZqib0lHDdunBvJI1PK_efwYBuYHVZ5CSaVDZxHqcNJrJCkWQMFSLLRBzlIuq6joSMq4owavI8KqtOFmnZxoSEbIptS87B5gy-qcgvAVgz0i8QB6Bx4hEe5aS0crNFaSwLR_qikQksaM30ifp0M7lpDruX3evz8WH_BkzzzW-c8me-Nz8c4U9Jmmx_8jno5npF2ScAmlBxMDguw2cXiVDpmSzfRBm97f2aH3TykVfxZOQy0vUnkss3TsqFow:1sJGRg:_bNDyw6LIri320O5-nDSXx40lb9KGdnfRJrhtara6vk	2024-06-17 18:47:08.713403+00
fp313stxwio96ksyvx1wr62yeei7uyl9	.eJxVkUtPwzAQhP8K8rmyUjskaU-AVFUcygFxgFO09m4e4Aey04qq6n_HadNSjrPzzezKPrAatkNXbyOFuke2ZAWb3c4U6C9yo4Gf4FrPtXdD6BUfET65kW88knma2H8FHcQupUskqgSqBnIlQRLkIKXKhboXQkhViWqRzWHeoKYKddnIDFBhVUhsFlRmZSoFrSlGtjyw8dD8OGPBG7poMWMObJLsEW3v-jgEQB9SztCOTAJSQHv7DW5_ycyvmbfVy-p1_XG3eWcJGw-_MMVZTtzzDpwDvgYVejLArgVnY9wGcain4Q1GFnrzV9BOzsNAjkK7T89quf0Zl58KrMetodOPiOMvLouKNA:1sKm7S:UdLG2cyL9fAYHqsjPc49aDF4JjFt47XpojVxPGnxVJo	2024-06-21 22:48:30.985411+00
spvxrc8qw1bua125566bd6t821mtm4ud	.eJxVkUtPwzAQhP8K8rmyUjskaU-AVFUcygFxgFO09m4e4Aey04qq6n_HadNSjrPzzezKPrAatkNXbyOFuke2ZAWb3c4U6C9yo4Gf4FrPtXdD6BUfET65kW88knma2H8FHcQupUskqgSqBnIlQRLkIKXKhboXQkhViWqRzWHeoKYKddnIDFBhVUhsFlRmZSoFrSlGtjyw8dD8OGPBG7poMWMObJLsEW3v-jgEQB9SztCOTAJSQHv7DW5_ycyvmbfVy-p1_XG3eWcJGw-_MMVZTtzzDpwDvgYVejLArgVnY9wGcain4Q1GFnrzV9BOzsNAjkK7T89quf0Zl58KrMetodOPiOMvLouKNA:1sKmOj:GKQr0xt4WTfZvoYaZ1XCZztNVTTDIBYg_l5sOrStygs	2024-06-21 23:06:21.082421+00
5i6h2q5jt4pxyl5wva04nldfe2d2dpe3	.eJxVkUtPwzAQhP8K8rmyUjskaU-AVFUcygFxgFO09m4e4Aey04qq6n_HadNSjrPzzezKPrAatkNXbyOFuke2ZAWb3c4U6C9yo4Gf4FrPtXdD6BUfET65kW88knma2H8FHcQupUskqgSqBnIlQRLkIKXKhboXQkhViWqRzWHeoKYKddnIDFBhVUhsFlRmZSoFrSlGtjyw8dD8OGPBG7poMWMObJLsEW3v-jgEQB9SztCOTAJSQHv7DW5_ycyvmbfVy-p1_XG3eWcJGw-_MMVZTtzzDpwDvgYVejLArgVnY9wGcain4Q1GFnrzV9BOzsNAjkK7T89quf0Zl58KrMetodOPiOMvLouKNA:1sKnCv:A_WYT8XyYQL1YwPof_JDsxOUJBRmmXwZzsMUkZWAj68	2024-06-21 23:58:13.935163+00
3nttlf35s7ob2w7a43k93lm4jcd56tdy	.eJxVUTtvgzAQ_ivVzQhh3mRKK0Wd0qHK0EzowAe4BbuyoVIU5b_3nNI03XzffS_bZ6hxmYd6cWRrJWEDooTgHmyw_SDtN_IddW_C1ujZqib0lHDdunBvJI1PK_efwYBuYHVZ5CSaVDZxHqcNJrJCkWQMFSLLRBzlIuq6joSMq4owavI8KqtOFmnZxoSEbIptS87B5gy-qcgvAVgz0i8QB6Bx4hEe5aS0crNFaSwLR_qikQksaM30ifp0M7lpDruX3evz8WH_BkzzzW-c8me-Nz8c4U9Jmmx_8jno5npF2ScAmlBxMDguw2cXiVDpmSzfRBm97f2aH3TykVfxZOQy0vUnkss3TsqFow:1sMBag:CKAJyWQxMexFkCMhCsoHSZbhsXyP1keCy52AwuREsIs	2024-06-25 20:12:30.258317+00
nx7g66xmaastzc5jo3mtkzkxi1xnf3c4	.eJxVUTtvgzAQ_ivVzQhh3mRKK0Wd0qHK0EzowAe4BbuyoVIU5b_3nNI03XzffS_bZ6hxmYd6cWRrJWEDooTgHmyw_SDtN_IddW_C1ujZqib0lHDdunBvJI1PK_efwYBuYHVZ5CSaVDZxHqcNJrJCkWQMFSLLRBzlIuq6joSMq4owavI8KqtOFmnZxoSEbIptS87B5gy-qcgvAVgz0i8QB6Bx4hEe5aS0crNFaSwLR_qikQksaM30ifp0M7lpDruX3evz8WH_BkzzzW-c8me-Nz8c4U9Jmmx_8jno5npF2ScAmlBxMDguw2cXiVDpmSzfRBm97f2aH3TykVfxZOQy0vUnkss3TsqFow:1sMDxf:WBlqiWilKyOkhgZASXb5D7kayMDAflzncIfwFD-Fbqg	2024-06-25 22:44:23.532303+00
ebvqf5um5lioe4b65auaaxsqunbb8y5i	.eJxVUTtvgzAQ_ivVzQhh3mRKK0Wd0qHK0EzowAe4BbuyoVIU5b_3nNI03XzffS_bZ6hxmYd6cWRrJWEDooTgHmyw_SDtN_IddW_C1ujZqib0lHDdunBvJI1PK_efwYBuYHVZ5CSaVDZxHqcNJrJCkWQMFSLLRBzlIuq6joSMq4owavI8KqtOFmnZxoSEbIptS87B5gy-qcgvAVgz0i8QB6Bx4hEe5aS0crNFaSwLR_qikQksaM30ifp0M7lpDruX3evz8WH_BkzzzW-c8me-Nz8c4U9Jmmx_8jno5npF2ScAmlBxMDguw2cXiVDpmSzfRBm97f2aH3TykVfxZOQy0vUnkss3TsqFow:1sMXyb:TVl0pelj91GLeTbz_0CfIi4KP894kpTGirD4G4JVbGk	2024-06-26 20:06:41.698207+00
tas62g4h2owvxhqfgvlrf4sx0jc1wfnl	.eJxVUTtvwjAQ_ivVzVEUG8iDiVZCnehQMZQpusSXxG1sV3ZSCSH-e8-UUrr5vvtetk9Q4zwN9RzI11rBGkQJyT3YYPtBNm7UO9repa2zk9dNGinpdRvSnVM0Pl25_wwGDAOryyIn0SxVI3O5bHChKhSLFUOFWK2EzHKRdV1HQsmqIsyaPM_KqlPFsmwlISGbYttSCLA-QWwq8nMC3o30C8gELBoe4VEZbXWYPCrnWTjSF41MYEHrzCfa483kptlvX7avz4eH3RswLTa_ccqf-d58f4A_JVny_THmYJjqK8o-CZBBzcEQuAyfQyZSbSfyfBPt7KaPa35QEyMvYuPUPNLlJ-T5G07IhaI:1sJK28:JN4eY4o4wi6giMKwR_TJH1I8IqmdKhcqm50015bUsxk	2024-06-17 22:37:00.505996+00
hz9l7zpbf8ahczx3zqo6546j7t40i50h	.eJxlkM1qwzAQhF8l6GyMJceWm1sKoaf00B9oT2YlrWq1shQsu1CC371SK0JKddLMfLMseyY9LPPQLwGn3iiyI5QU154A-YEuBeod3JsvpXfzZESZkDKnoTx6hfY2s38GDBCG2BYtdG3HQfO6anQtWCcaVjXANKNNfLyOntKVQGTIgG7pDW86yTVl25ZrHoeClBgC2Z1JWpSuBZm8xYsuiIMxSvK4nHDaPIcFJuNjz-In2t-C9OMJ3Nf_ztPh_vBw97o5vpCIpcWvmCQzB2o0jlxq-ywthLnPXpQ4grHpu-Zo9Gqx-HNgtn4DWO91dg:1sJLZG:KYmPr002He4eIgr-YgVgnUFeLfjujSAuqmRMCEVPuYA	2024-06-18 00:15:18.776291+00
zs3sm7vb0p6iaud8ay4ravwmb73hsv9g	.eJxlUTtPwzAQ_ivVzVEUp3l2AqSKqQxQJDpFl_iSGBK7shOkqup_51yiAmLzfc-zfYYK56mvZke2UhI2IAoIfoM1Nh-kPSPfUXcmbIyerKpDLwkX1oU7I2l4WLR_Anp0PbuLPCNRJ7KOszipcS1LFOuUoVykqYijTERt25KQcVkSRnWWRUXZyjwpmpiQkEOxacg52JzBbyqySwDWDHQDAtA48ggv85Hs6tXNaJVh40CfNLCADY0Zj6hP_z377dP2-fGw2r0By_zmN03xPS_CezkqvT_Aj5M02e7ke9BN1YJyTgA0ouJicMpNfHaRCJWeyPJNlNF3naf5QUdfeTWPRs4DXX8iuXwBIgSFaA:1sMYEN:ZgfKs0I-9DwezIvnhPhI8CiqS9yqIiJSBN6MSNGjUIk	2024-06-26 20:22:59.444256+00
22d2gmw38joqfzmtndibaoaaohljeney	.eJxlUTtPwzAQ_ivVzVEU59WkEyBVTGWAItEpusSXxJDYlZ0gVVX_O-cSFRCb73ue7TNUOE99NTuylZKwAVFA8Bussfkg7Rn5jrozYWP0ZFUdekm4sC7cGUnDw6L9E9Cj69ldrHMSdSrrOI_TGhNZokgyhtYiy0Qc5SJq25aEjMuSMKrzPCrKVq7TookJCTkUm4acg80Z_KYivwRgzUA3IACNI4_wMh_Jrl7djFYZNg70SQML2NCY8Yj69N-z3z5tnx8Pq90bsMxvftMU3_MivJej0vsD_DhJk-1OvgfdVC0o5wRAIyouBqfcxGcXiVDpiSzfRBl913maH3T0lVfzaOQ80PUnkssXIgKFZw:1sRaep:1idBrKDWfVoG6ctSdGvVbf91iKCBKHPqYzO0mqyOxds	2024-07-10 17:59:07.176901+00
83glq9qc92ei1rky9l1pszznl5erot3d	.eJxlUTtPwzAQ_ivVzVEUp3l2AqSKqQxQJDpFl_iSGBK7shOkqup_51yiAmLzfc-zfYYK56mvZke2UhI2IAoIfoM1Nh-kPSPfUXcmbIyerKpDLwkX1oU7I2l4WLR_Anp0PbuLPCNRJ7KOszipcS1LFOuUoVykqYijTERt25KQcVkSRnWWRUXZyjwpmpiQkEOxacg52JzBbyqySwDWDHQDAtA48ggv85Hs6tXNaJVh40CfNLCADY0Zj6hP_z377dP2-fGw2r0By_zmN03xPS_CezkqvT_Aj5M02e7ke9BN1YJyTgA0ouJicMpNfHaRCJWeyPJNlNF3naf5QUdfeTWPRs4DXX8iuXwBIgSFaA:1sMZiJ:p8AuYa4ePu9Ow1kimechwxp2Qbjgo6xkAqnNqoABX6w	2024-06-26 21:57:59.070338+00
e4bv9rf9t5itj9ky5114mq0zap8r0es2	.eJxlUTtPwzAQ_ivVzVEU59WkEyBVTGWAItEpusSXxJDYlZ0gVVX_O-cSFRCb73ue7TNUOE99NTuylZKwAVFA8Bussfkg7Rn5jrozYWP0ZFUdekm4sC7cGUnDw6L9E9Cj69ldrHMSdSrrOI_TGhNZokgyhtYiy0Qc5SJq25aEjMuSMKrzPCrKVq7TookJCTkUm4acg80Z_KYivwRgzUA3IACNI4_wMh_Jrl7djFYZNg70SQML2NCY8Yj69N-z3z5tnx8Pq90bsMxvftMU3_MivJej0vsD_DhJk-1OvgfdVC0o5wRAIyouBqfcxGcXiVDpiSzfRBl913maH3T0lVfzaOQ80PUnkssXIgKFZw:1sMcCL:hIoZvR2tc5PECVhzqEZeTqDItQNmmCbdQepfRRTqH7k	2024-06-27 00:37:09.611448+00
tn8w0fgqfve6ytddzocjvdu61tv74wbk	.eJxVkctOwzAQRX-lmnUUJXEe0FWpVLEqC2ABq2hsTxpDYiM7QYqq_jt2mhRYzp1z7Cv7DDWOQ1uPjmytJGyhgOhvxlF8kg4L-YH6ZGJh9GAVjwMSL1sXH42kbr-w_w5o0bXBviuR3QtiWEkqk4pXSZ6yFHmSUVLJQqRlUyFxwpJlRVqUqRB5U8gsaRhvMLRCIcg52J4hFGWXCKzpaJ2zCDT2foQH2Sut3GBRGuu9jr6p84AXhOm_UE-rk96c18PT4fnxfXN8A4-F4itTXMeF29sJ9eYFO6XRwU2f43AVuqFesl-IelS-APBAxe6a7wbSZE-Tf9A-3DmrvZFjR_NH5JcfrGGGjg:1sTqK9:0DhAgd10qtq5bH1u6SKiYghl5XQ3wM0DbfC7Umq_cUU	2024-07-16 23:07:05.746961+00
2mcbj76b3zlx5ekakfxx08j69167ed48	.eJxlUTtPwzAQ_ivVzVEU59WkEyBVTGWAItEpusSXxJDYlZ0gVVX_O-cSFRCb73ue7TNUOE99NTuylZKwAVFA8Bussfkg7Rn5jrozYWP0ZFUdekm4sC7cGUnDw6L9E9Cj69ldrHMSdSrrOI_TGhNZokgyhtYiy0Qc5SJq25aEjMuSMKrzPCrKVq7TookJCTkUm4acg80Z_KYivwRgzUA3IACNI4_wMh_Jrl7djFYZNg70SQML2NCY8Yj69N-z3z5tnx8Pq90bsMxvftMU3_MivJej0vsD_DhJk-1OvgfdVC0o5wRAIyouBqfcxGcXiVDpiSzfRBl913maH3T0lVfzaOQ80PUnkssXIgKFZw:1sSJAJ:L79wzOEqirmKB4F3cTqw_tfO7uvc_f98JZsNYbm82xQ	2024-07-12 17:30:35.967212+00
m3cgogwc6m66rgiwnqxvti177sopvpz0	.eJxlUTtPwzAQ_ivVzVEU59WkEyBVTGWAItEpusSXxJDYlZ0gVVX_O-cSFRCb73ue7TNUOE99NTuylZKwAVFA8Bussfkg7Rn5jrozYWP0ZFUdekm4sC7cGUnDw6L9E9Cj69ldrHMSdSrrOI_TGhNZokgyhtYiy0Qc5SJq25aEjMuSMKrzPCrKVq7TookJCTkUm4acg80Z_KYivwRgzUA3IACNI4_wMh_Jrl7djFYZNg70SQML2NCY8Yj69N-z3z5tnx8Pq90bsMxvftMU3_MivJej0vsD_DhJk-1OvgfdVC0o5wRAIyouBqfcxGcXiVDpiSzfRBl913maH3T0lVfzaOQ80PUnkssXIgKFZw:1sTNRq:WKBOxdEUveyOftVJ76XKqmnjqpZ3uVPEIrUog9BP28o	2024-07-15 16:17:06.361062+00
0zyatn4kizj90w5dmkmuyczaqufzaepq	.eJxlUTtPwzAQ_ivVzVEU59WkEyBVTGWAItEpusSXxJDYlZ0gVVX_O-cSFRCb73ue7TNUOE99NTuylZKwAVFA8Bussfkg7Rn5jrozYWP0ZFUdekm4sC7cGUnDw6L9E9Cj69ldrHMSdSrrOI_TGhNZokgyhtYiy0Qc5SJq25aEjMuSMKrzPCrKVq7TookJCTkUm4acg80Z_KYivwRgzUA3IACNI4_wMh_Jrl7djFYZNg70SQML2NCY8Yj69N-z3z5tnx8Pq90bsMxvftMU3_MivJej0vsD_DhJk-1OvgfdVC0o5wRAIyouBqfcxGcXiVDpiSzfRBl913maH3T0lVfzaOQ80PUnkssXIgKFZw:1sOmAA:abhjdBzWBweHxenpHm9nai3p9vUC7OUZbvoYPs4fY7g	2024-07-02 23:39:50.432155+00
ai0jbvf370qq2wm9yklypsxilqcynal1	.eJxlUTtPwzAQ_ivVzVEU59WkEyBVTGWAItEpusSXxJDYlZ0gVVX_O-cSFRCb73ue7TNUOE99NTuylZKwAVFA8Bussfkg7Rn5jrozYWP0ZFUdekm4sC7cGUnDw6L9E9Cj69ldrHMSdSrrOI_TGhNZokgyhtYiy0Qc5SJq25aEjMuSMKrzPCrKVq7TookJCTkUm4acg80Z_KYivwRgzUA3IACNI4_wMh_Jrl7djFYZNg70SQML2NCY8Yj69N-z3z5tnx8Pq90bsMxvftMU3_MivJej0vsD_DhJk-1OvgfdVC0o5wRAIyouBqfcxGcXiVDpiSzfRBl913maH3T0lVfzaOQ80PUnkssXIgKFZw:1sOmS7:pGo7LtT9jbLrLOQJUE9IpyVnXZ5YOXcf7LbUzxg20g4	2024-07-02 23:58:23.633+00
sbq6yft5b53ylqtc09rfs0xcxg9a36lt	.eJxlUTtPwzAQ_ivVzVEU59WkEyBVTGWAItEpusSXxJDYlZ0gVVX_O-cSFRCb73ue7TNUOE99NTuylZKwAVFA8Bussfkg7Rn5jrozYWP0ZFUdekm4sC7cGUnDw6L9E9Cj69ldrHMSdSrrOI_TGhNZokgyhtYiy0Qc5SJq25aEjMuSMKrzPCrKVq7TookJCTkUm4acg80Z_KYivwRgzUA3IACNI4_wMh_Jrl7djFYZNg70SQML2NCY8Yj69N-z3z5tnx8Pq90bsMxvftMU3_MivJej0vsD_DhJk-1OvgfdVC0o5wRAIyouBqfcxGcXiVDpiSzfRBl913maH3T0lVfzaOQ80PUnkssXIgKFZw:1sP1QU:V3VqPruvYmrF87kiUjF6u29T9UQielx11gYMSw0R_4c	2024-07-03 15:57:42.986702+00
nd1rng8kz04wvg1rljjxudhnljo5icm2	.eJxlUTtPwzAQ_ivVzVEU59WkEyBVTGWAItEpusSXxJDYlZ0gVVX_O-cSFRCb73ue7TNUOE99NTuylZKwAVFA8Bussfkg7Rn5jrozYWP0ZFUdekm4sC7cGUnDw6L9E9Cj69ldrHMSdSrrOI_TGhNZokgyhtYiy0Qc5SJq25aEjMuSMKrzPCrKVq7TookJCTkUm4acg80Z_KYivwRgzUA3IACNI4_wMh_Jrl7djFYZNg70SQML2NCY8Yj69N-z3z5tnx8Pq90bsMxvftMU3_MivJej0vsD_DhJk-1OvgfdVC0o5wRAIyouBqfcxGcXiVDpiSzfRBl913maH3T0lVfzaOQ80PUnkssXIgKFZw:1sU6nc:OCx6VSwXzPw4NfJINn5wrLhZsGS6yLQ6TPY5-MY6AkI	2024-07-17 16:42:36.625814+00
rwubomtg2qzuymlk9twvurz093uzvs5s	.eJxVkctOwzAQRX-lmnUUJXEe0FWpVLEqC2ABq2hsTxpDYiM7QYqq_jt2mhRYzp1z7Cv7DDWOQ1uPjmytJGyhgOhvxlF8kg4L-YH6ZGJh9GAVjwMSL1sXH42kbr-w_w5o0bXBviuR3QtiWEkqk4pXSZ6yFHmSUVLJQqRlUyFxwpJlRVqUqRB5U8gsaRhvMLRCIcg52J4hFGWXCKzpaJ2zCDT2foQH2Sut3GBRGuu9jr6p84AXhOm_UE-rk96c18PT4fnxfXN8A4-F4itTXMeF29sJ9eYFO6XRwU2f43AVuqFesl-IelS-APBAxe6a7wbSZE-Tf9A-3DmrvZFjR_NH5JcfrGGGjg:1sP1fY:IOQEhV6entBmehGYwZkVWc88JBhexJap7w3N9VwRWzY	2024-07-03 16:13:16.246619+00
xpnsd5rv6tw6s5jpruyl68hzo30j78nr	.eJxlkM1qwzAQhF8l6GyMJceWm1sKoaf00B9oT2YlrWq1shQsu1CC371SK0JKddLMfLMseyY9LPPQLwGn3iiyI5QU154A-YEuBeod3JsvpXfzZESZkDKnoTx6hfY2s38GDBCG2BYtdG3HQfO6anQtWCcaVjXANKNNfLyOntKVQGTIgG7pDW86yTVl25ZrHoeClBgC2Z1JWpSuBZm8xYsuiIMxSvK4nHDaPIcFJuNjz-In2t-C9OMJ3Nf_ztPh_vBw97o5vpCIpcWvmCQzB2o0jlxq-ywthLnPXpQ4grHpu-Zo9Gqx-HNgtn4DWO91dg:1sYvxL:fPgu_1BddhB78Pn7ZWtVJ_9rRX7yJW9pajUJBUMK2Iw	2024-07-31 00:08:35.72934+00
e9isln967zevh5j2d8un74pc242be9zm	.eJxlUTtPwzAQ_ivVzVEUp3l2AqSKqQxQJDpFl_iSGBK7shOkqup_51yiAmLzfc-zfYYK56mvZke2UhI2IAoIfoM1Nh-kPSPfUXcmbIyerKpDLwkX1oU7I2l4WLR_Anp0PbuLPCNRJ7KOszipcS1LFOuUoVykqYijTERt25KQcVkSRnWWRUXZyjwpmpiQkEOxacg52JzBbyqySwDWDHQDAtA48ggv85Hs6tXNaJVh40CfNLCADY0Zj6hP_z377dP2-fGw2r0By_zmN03xPS_CezkqvT_Aj5M02e7ke9BN1YJyTgA0ouJicMpNfHaRCJWeyPJNlNF3naf5QUdfeTWPRs4DXX8ivnwBIgCFZg:1sYvxk:Q6Unr_ak4gZCOu1SaE0Iu7e1tfhOayR7VrWEPPmUYO0	2024-07-31 00:09:00.014232+00
dfiwk422tr62nk8xap1be8tyuhtgdjme	.eJxlUTtPwzAQ_ivVzVEUp3l2AqSKqQxQJDpFl_iSGBK7shOkqup_51yiAmLzfc-zfYYK56mvZke2UhI2IAoIfoM1Nh-kPSPfUXcmbIyerKpDLwkX1oU7I2l4WLR_Anp0PbuLPCNRJ7KOszipcS1LFOuUoVykqYijTERt25KQcVkSRnWWRUXZyjwpmpiQkEOxacg52JzBbyqySwDWDHQDAtA48ggv85Hs6tXNaJVh40CfNLCADY0Zj6hP_z377dP2-fGw2r0By_zmN03xPS_CezkqvT_Aj5M02e7ke9BN1YJyTgA0ouJicMpNfHaRCJWeyPJNlNF3naf5QUdfeTWPRs4DXX8iuXwBIgSFaA:1sZDIn:KouPJxEpLkfTQ5SumR2B-x8EaBx9OsJ2stFEH8rAJ9A	2024-07-31 18:39:53.88607+00
k495pifpkaczczaeg9374feoxarjcu07	.eJxVkctOwzAQRX-l8jqKkrhOoKtSqWJVFsACVtHYnjQGP5CdIEVV_x07TQss58459pV9Ii2MQ9-OAX2rJNkQRrK_GQfxiTYt5AfYo8uFs4NXPE9IvmxDfnAS9W5h_x3QQ-iTfVcDvRdIoZFYFw1vinVJS-BFhUUjmSjrrgHkCDWtWMnqUoh1x2RVdJR3kFqBEBgC2ZxIKkrPGfFO43WuMmLBxJE8SKOsCoMH6Xz0NH6jjkAUhDNfYKerU96c1_3T_vnxfXV4IxFLxa8Mu4wLt_MT2NULaGUhkJs-x-kqCEO7ZL8QGlCxAOGJysMl3w5o0R-n-KAm3TmrxslR4_wR1fkHrF2GjA:1sTUsF:CGVYdKzq250yXCley2IJluJ-XygXjrcuKpcPjEX6PJ0	2024-07-16 00:12:51.370329+00
doyzmjcat6kghemsr7s1r2k40porhda3	.eJxlUTtPwzAQ_ivVzVEU59WkEyBVTGWAItEpusSXxJDYlZ0gVVX_O-cSFRCb73ue7TNUOE99NTuylZKwAVFA8Bussfkg7Rn5jrozYWP0ZFUdekm4sC7cGUnDw6L9E9Cj69ldrHMSdSrrOI_TGhNZokgyhtYiy0Qc5SJq25aEjMuSMKrzPCrKVq7TookJCTkUm4acg80Z_KYivwRgzUA3IACNI4_wMh_Jrl7djFYZNg70SQML2NCY8Yj69N-z3z5tnx8Pq90bsMxvftMU3_MivJej0vsD_DhJk-1OvgfdVC0o5wRAIyouBqfcxGcXiVDpiSzfRBl913maH3T0lVfzaOQ80PUnkssXIgKFZw:1sa1Z2:sWXyWM6Bj13w8m-jhOIhlnz58zCfqGUOlpsxzhyLs9c	2024-08-03 00:20:00.444262+00
lhv4poiki54kyxbosespmzipni8dwjo9	.eJxVkMFOxCAURX9lwrppShlanZVOMnE1LtSFrpoHvE7RAgZak2bivwvTdtTlu-8cuHAmDYxD14wBfaMV2RFOsr-ZAPmBNi3UO9iTy6Wzg9ciT0i-bEN-dAr7_cL-O6CD0CX7pgJ2K5FBrbAqalEXW8ooiKLEolZc0qqtAQVCxUpOeUWl3LZclUXLRAupFUiJIZDdmaSi7Dsj3vW4zmVGLJg4kntltNVh8KCcj16PX9hHIArSmU-w0-rQq_NyeDw8Pbxtjq8kYqn4yvB5XLi9n8BunqHXFgK56pc4XQVhaJbsF0IDOhYgIlF5mPO7AS360xQ_1KQ7L6pxauyxmd_3A6xfho0:1sU8US:fi9TEV5hytgzmFoRJ-9C8DB8jrPaugl6P_52EEdMKWo	2024-07-17 18:30:56.693055+00
o2u7i0u2uhxnys49sediwlaw4dl48x9u	.eJxVkMFOxCAURX9lwrppShlanZVOMnE1LtSFrpoHvE7RAgZak2bivwvTdtTlu-8cuHAmDYxD14wBfaMV2RFOsr-ZAPmBNi3UO9iTy6Wzg9ciT0i-bEN-dAr7_cL-O6CD0CX7pgJ2K5FBrbAqalEXW8ooiKLEolZc0qqtAQVCxUpOeUWl3LZclUXLRAupFUiJIZDdmaSi7Dsj3vW4zmVGLJg4kntltNVh8KCcj16PX9hHIArSmU-w0-rQq_NyeDw8Pbxtjq8kYqn4yvB5XLi9n8BunqHXFgK56pc4XQVhaJbsF0IDOhYgIlF5mPO7AS360xQ_1KQ7L6pxauyxmd_3A6xfho0:1sSKBl:XuZTIBKF-g5pLGy3TstNuIBYYZeYEFSFMJpnpEo5YTQ	2024-07-12 18:36:09.638368+00
a3aple0ermgdawzb6m1jb17zsnooof79	.eJxlUTtPwzAQ_ivVzVEUp3l2AqSKqQxQJDpFl_iSGBK7shOkqup_51yiAmLzfc-zfYYK56mvZke2UhI2IAoIfoM1Nh-kPSPfUXcmbIyerKpDLwkX1oU7I2l4WLR_Anp0PbuLPCNRJ7KOszipcS1LFOuUoVykqYijTERt25KQcVkSRnWWRUXZyjwpmpiQkEOxacg52JzBbyqySwDWDHQDAtA48ggv85Hs6tXNaJVh40CfNLCADY0Zj6hP_z377dP2-fGw2r0By_zmN03xPS_CezkqvT_Aj5M02e7ke9BN1YJyTgA0ouJicMpNfHaRCJWeyPJNlNF3naf5QUdfeTWPRs4DXX8iuXwBIgSFaA:1sMaiE:nKogPs9lGUrckg-iMsSbSnPJlGqz7AHJBEYitSDVN2E	2024-06-26 23:01:58.637333+00
yrbf02jolj8z4pxlx6b4n7b4pt8x8jl4	.eJxVkMFOxCAURX9lwrppShlanZVOMnE1LtSFrpoHvE7RAgZak2bivwvTdtTlu-8cuHAmDYxD14wBfaMV2RFOsr-ZAPmBNi3UO9iTy6Wzg9ciT0i-bEN-dAr7_cL-O6CD0CX7pgJ2K5FBrbAqalEXW8ooiKLEolZc0qqtAQVCxUpOeUWl3LZclUXLRAupFUiJIZDdmaSi7Dsj3vW4zmVGLJg4kntltNVh8KCcj16PX9hHIArSmU-w0-rQq_NyeDw8Pbxtjq8kYqn4yvB5XLi9n8BunqHXFgK56pc4XQVhaJbsF0IDOhYgIlF5mPO7AS360xQ_1KQ7L6pxauyxmd_3A6xfho0:1sUAnw:iSipAId_14zixFLGfZRUDYslAljSerIakUaKFOKt6R4	2024-07-17 20:59:12.552258+00
nbw1i2vx69oighd4nfhb4ttdb9lnb5f6	.eJxVkMFOxCAURX9lwrppShlanZVOMnE1LtSFrpoHvE7RAgZak2bivwvTdtTlu-8cuHAmDYxD14wBfaMV2RFOsr-ZAPmBNi3UO9iTy6Wzg9ciT0i-bEN-dAr7_cL-O6CD0CX7pgJ2K5FBrbAqalEXW8ooiKLEolZc0qqtAQVCxUpOeUWl3LZclUXLRAupFUiJIZDdmaSi7Dsj3vW4zmVGLJg4kntltNVh8KCcj16PX9hHIArSmU-w0-rQq_NyeDw8Pbxtjq8kYqn4yvB5XLi9n8BunqHXFgK56pc4XQVhaJbsF0IDOhYgIlF5mPO7AS360xQ_1KQ7L6pxauyxmd_3A6xfho0:1sUSAB:ul4JKubJcehLPXTJEsqW4B-SYZlhuaFtczwDE_kRSZQ	2024-07-18 15:31:19.453878+00
efofm6lxmoivphx1y00emcsvnsfzbt08	.eJxVkMFOxCAURX9lwrppShlanZVOMnE1LtSFrpoHvE7RAgZak2bivwvTdtTlu-8cuHAmDYxD14wBfaMV2RFOsr-ZAPmBNi3UO9iTy6Wzg9ciT0i-bEN-dAr7_cL-O6CD0CX7pgJ2K5FBrbAqalEXW8ooiKLEolZc0qqtAQVCxUpOeUWl3LZclUXLRAupFUiJIZDdmaSi7Dsj3vW4zmVGLJg4kntltNVh8KCcj16PX9hHIArSmU-w0-rQq_NyeDw8Pbxtjq8kYqn4yvB5XLi9n8BunqHXFgK56pc4XQVhaJbsF0IDOhYgIlF5mPO7AS360xQ_1KQ7L6pxauyxmd_3A6xfho0:1sUTD0:gNmugzV1A3HS8-UoQEizono_5Qy6gIdCMMoEym_KvVM	2024-07-18 16:38:18.456358+00
5kb81oorfdzlj8qbryvxrgcs8xv8rnx5	.eJxlUTtPwzAQ_ivVzVEUp3l2AqSKqQxQJDpFl_iSGBK7shOkqup_51yiAmLzfc-zfYYK56mvZke2UhI2IAoIfoM1Nh-kPSPfUXcmbIyerKpDLwkX1oU7I2l4WLR_Anp0PbuLPCNRJ7KOszipcS1LFOuUoVykqYijTERt25KQcVkSRnWWRUXZyjwpmpiQkEOxacg52JzBbyqySwDWDHQDAtA48ggv85Hs6tXNaJVh40CfNLCADY0Zj6hP_z377dP2-fGw2r0By_zmN03xPS_CezkqvT_Aj5M02e7ke9BN1YJyTgA0ouJicMpNfHaRCJWeyPJNlNF3naf5QUdfeTWPRs4DXX8iuXwBIgSFaA:1sOQJQ:LkhAoiqXvCxqh083oOfwgtlOVE0XLpliFZrfw4Yvv_E	2024-07-02 00:19:56.314362+00
6ii1l5s4d8i9ynd3s4dn0fwdbfw21u72	.eJxVkctOwzAQRX-lmnUUJXEe0FWpVLEqC2ABq2hsTxpDYiM7QYqq_jt2mhRYzp1z7Cv7DDWOQ1uPjmytJGyhgOhvxlF8kg4L-YH6ZGJh9GAVjwMSL1sXH42kbr-w_w5o0bXBviuR3QtiWEkqk4pXSZ6yFHmSUVLJQqRlUyFxwpJlRVqUqRB5U8gsaRhvMLRCIcg52J4hFGWXCKzpaJ2zCDT2foQH2Sut3GBRGuu9jr6p84AXhOm_UE-rk96c18PT4fnxfXN8A4-F4itTXMeF29sJ9eYFO6XRwU2f43AVuqFesl-IelS-APBAxe6a7wbSZE-Tf9A-3DmrvZFjR_NH5JcfrGGGjg:1sUUSq:WPaEEe9ZYjgm0_PkiGBLV8mF43nwE8489D4HSuVA3jg	2024-07-18 17:58:44.457215+00
kh0fbv83g4y0me7kj6yj1j97whp0rjam	.eJxVkctOwzAQRX-l8jqKkrhOoKtSqWJVFsACVtHYnjQGP5CdIEVV_x07TQss58459pV9Ii2MQ9-OAX2rJNkQRrK_GQfxiTYt5AfYo8uFs4NXPE9IvmxDfnAS9W5h_x3QQ-iTfVcDvRdIoZFYFw1vinVJS-BFhUUjmSjrrgHkCDWtWMnqUoh1x2RVdJR3kFqBEBgC2ZxIKkrPGfFO43WuMmLBxJE8SKOsCoMH6Xz0NH6jjkAUhDNfYKerU96c1_3T_vnxfXV4IxFLxa8Mu4wLt_MT2NULaGUhkJs-x-kqCEO7ZL8QGlCxAOGJysMl3w5o0R-n-KAm3TmrxslR4_wR1fkHrF2GjA:1sUW1w:CXtHHoUW2RT9OaZBtHRP0XCqEEVo7Js0ao_m7_52FQo	2024-07-18 19:39:04.788094+00
99o7d6jwf9p4et97leqoizmvpi9ssl16	.eJxVkLFOwzAQhl-lujmK4rhOoBNUqpjKAAwwRWf70hgSG9kpUlT13bFpUmC8_77P_nUnaPA4ds0xkG-Mhg0IyP5mEtUH2bTQ72gPLlfOjt7IPCH5vA353mnqtzP774EOQ5fsmwr5rSKOtaaqqGVdrBlnKIuSiloLxaq2RpKEFS8FExVTat0KXRYtly2mVqgUhQCbE6Si_JyBdz0tc5mBxSGOcK8HY00YPWrno9fTF_URiIJywyfaaXHY1XnZPe6eHt5W-1eIWCq-MOIyztzWT2hXz9gbiwGu-k-cvsIwNnP2C9GAJhYAmag8XPK7kSz5wxQPOsD5_A3sRH_r:1sUXFO:yZ-xj-kqS7bfGYIGhMnAovP1Xe3Z-srnV_wTKAmKJz0	2024-07-18 20:57:02.409208+00
njipezup8uxmxb62mt8l4fbm8p8kdcxc	.eJxlUTtPwzAQ_ivVzVEUp3l2AqSKqQxQJDpFl_iSGBK7shOkqup_51yiAmLzfc-zfYYK56mvZke2UhI2IAoIfoM1Nh-kPSPfUXcmbIyerKpDLwkX1oU7I2l4WLR_Anp0PbuLPCNRJ7KOszipcS1LFOuUoVykqYijTERt25KQcVkSRnWWRUXZyjwpmpiQkEOxacg52JzBbyqySwDWDHQDAtA48ggv85Hs6tXNaJVh40CfNLCADY0Zj6hP_z377dP2-fGw2r0By_zmN03xPS_CezkqvT_Aj5M02e7ke9BN1YJyTgA0ouJicMpNfHaRCJWeyPJNlNF3naf5QUdfeTWPRs4DXX8ivnwBIgCFZg:1sOmCn:xkJd7ppijsGSBnZ4WqG7qEpqBXykzzvjUJnjg9o5DVk	2024-07-02 23:42:33.833177+00
75t9544a3pwqecdj3j0ceydzq2c1l0zy	.eJxVkctOwzAQRX-l8jqKkrhOoKtSqWJVFsACVtHYnjQGP5CdIEVV_x07TQss58459pV9Ii2MQ9-OAX2rJNkQRrK_GQfxiTYt5AfYo8uFs4NXPE9IvmxDfnAS9W5h_x3QQ-iTfVcDvRdIoZFYFw1vinVJS-BFhUUjmSjrrgHkCDWtWMnqUoh1x2RVdJR3kFqBEBgC2ZxIKkrPGfFO43WuMmLBxJE8SKOsCoMH6Xz0NH6jjkAUhDNfYKerU96c1_3T_vnxfXV4IxFLxa8Mu4wLt_MT2NULaGUhkJs-x-kqCEO7ZL8QGlCxAOGJysMl3w5o0R-n-KAm3TmrxslR4_wR1fkHrF2GjA:1sTkpc:Ege5buriI5YmtWhVH5tn96n7OFZ6E4Sh-EVq02reODk	2024-07-16 17:15:12.74239+00
8714uupgsuundvj82r8f274y60a8rwh4	.eJxlUTtPwzAQ_ivVzVEUp3l2AqSKqQxQJDpFl_iSGBK7shOkqup_51yiAmLzfc-zfYYK56mvZke2UhI2IAoIfoM1Nh-kPSPfUXcmbIyerKpDLwkX1oU7I2l4WLR_Anp0PbuLPCNRJ7KOszipcS1LFOuUoVykqYijTERt25KQcVkSRnWWRUXZyjwpmpiQkEOxacg52JzBbyqySwDWDHQDAtA48ggv85Hs6tXNaJVh40CfNLCADY0Zj6hP_z377dP2-fGw2r0By_zmN03xPS_CezkqvT_Aj5M02e7ke9BN1YJyTgA0ouJicMpNfHaRCJWeyPJNlNF3naf5QUdfeTWPRs4DXX8ivnwBIgCFZg:1sXSK8:_B5xyesHYLAODNDesEjhkl9uxXnF6Nx7iygiiJ3ogb4	2024-07-26 22:18:00.082465+00
35l7i5c5w3fbobe2p0rno9wg9n0wsiq2	.eJx9kMtOwzAQRX-lmnUU5VEn0BVUqliVBbCAVTS2J03AD2QnSFHVfydukkI33XnunOu5M0foPbmqlbBh0fltUBNsYOsGNKtXVK1BDxFU2HdNdYGBXWscxReZ0JCfaA42FtZ0ruVxQOK56-O9laS2M3v1QYO-Ce67AvN7QTmWkoqk5GWyTvMUeZJRUkom0qIukThhkWcsZUUqxLpmMkvqnNcYUqEQ5D1sjhCC5qcInFW01FkE84aPUrem9Z1Dad3oU_RDagRGg7D6G82weNKL5233vHt5-ljt3-E0nWthbl_vvxxGoe-qWfuDSGM7BgAeqNhP-kNHhtxhGA-qw8yzVVvZK6qm_X4BoxGTjA:1sP1cM:DBfxd5LYuROdTkXKKLOUCKWH03sdkfcDVGS_U9SfIa4	2024-07-03 16:09:58.350266+00
ktdga3vyrgm9ldmrjluiysf44wtm6fmq	.eJxlUTtPwzAQ_ivVzVEU59WkEyBVTGWAItEpusSXxJDYlZ0gVVX_O-cSFRCb73ue7TNUOE99NTuylZKwAVFA8Bussfkg7Rn5jrozYWP0ZFUdekm4sC7cGUnDw6L9E9Cj69ldrHMSdSrrOI_TGhNZokgyhtYiy0Qc5SJq25aEjMuSMKrzPCrKVq7TookJCTkUm4acg80Z_KYivwRgzUA3IACNI4_wMh_Jrl7djFYZNg70SQML2NCY8Yj69N-z3z5tnx8Pq90bsMxvftMU3_MivJej0vsD_DhJk-1OvgfdVC0o5wRAIyouBqfcxGcXiVDpiSzfRBl913maH3T0lVfzaOQ80PUnkssXIgKFZw:1sRYuY:gjcNJHAGQR7vb2yVQLIEljA-4QeFFmW0qE2U5X7BTxg	2024-07-10 16:07:14.795901+00
vwyty9ih34o6qav6arsvy2ww3nyq7vrv	.eJxlkM1qwzAQhF8l6GyMJceWm1sKoaf00B9oT2YlrWq1shQsu1CC371SK0JKddLMfLMseyY9LPPQLwGn3iiyI5QU154A-YEuBeod3JsvpXfzZESZkDKnoTx6hfY2s38GDBCG2BYtdG3HQfO6anQtWCcaVjXANKNNfLyOntKVQGTIgG7pDW86yTVl25ZrHoeClBgC2Z1JWpSuBZm8xYsuiIMxSvK4nHDaPIcFJuNjz-In2t-C9OMJ3Nf_ztPh_vBw97o5vpCIpcWvmCQzB2o0jlxq-ywthLnPXpQ4grHpu-Zo9Gqx-HPgev0GWPF1dw:1sb5K2:BAM_KTrefrjbTqVj4luX8GspoX0N4-TJPOPg9NaY9bs	2024-08-05 22:32:54.32629+00
gjftlsha724t3504i84di5onr6jdk5nq	.eJxlkM1qwzAQhF8l6GyMJceWm1sKoaf00B9oT2YlrWq1shQsu1CC371SK0JKddLMfLMseyY9LPPQLwGn3iiyI5QU154A-YEuBeod3JsvpXfzZESZkDKnoTx6hfY2s38GDBCG2BYtdG3HQfO6anQtWCcaVjXANKNNfLyOntKVQGTIgG7pDW86yTVl25ZrHoeClBgC2Z1JWpSuBZm8xYsuiIMxSvK4nHDaPIcFJuNjz-In2t-C9OMJ3Nf_ztPh_vBw97o5vpCIpcWvmCQzB2o0jlxq-ywthLnPXpQ4grHpu-Zo9Gqx-HPgev0GWPF1dw:1sboAu:-dKFZd7LZytkYraF-cpuPdM9K5Jr5oyjmksb2DVaHFo	2024-08-07 22:26:28.441237+00
rulr67dy14g0ljvilh4p6jnhcmwi7nad	.eJxlUTtPwzAQ_ivVzVEU59WkEyBVTGWAItEpusSXxJDYlZ0gVVX_O-cSFRCb73ue7TNUOE99NTuylZKwAVFA8Bussfkg7Rn5jrozYWP0ZFUdekm4sC7cGUnDw6L9E9Cj69ldrHMSdSrrOI_TGhNZokgyhtYiy0Qc5SJq25aEjMuSMKrzPCrKVq7TookJCTkUm4acg80Z_KYivwRgzUA3IACNI4_wMh_Jrl7djFYZNg70SQML2NCY8Yj69N-z3z5tnx8Pq90bsMxvftMU3_MivJej0vsD_DhJk-1OvgfdVC0o5wRAIyouBqfcxGcXiVDpiSzfRBl913maH3T0lVfzaOQ80PUnkssXIgKFZw:1scUPs:rJD46KQMPo2kMGaxUQJt_Sps0sY70TY3i1E7vQh5kOo	2024-08-09 19:32:44.295613+00
kzcnb92uye9zamtgbc3zmyfy1r05hqta	.eJxlUTtPwzAQ_ivVzVEU59WkEyBVTGWAItEpusSXxJDYlZ0gVVX_O-cSFRCb73ue7TNUOE99NTuylZKwAVFA8Bussfkg7Rn5jrozYWP0ZFUdekm4sC7cGUnDw6L9E9Cj69ldrHMSdSrrOI_TGhNZokgyhtYiy0Qc5SJq25aEjMuSMKrzPCrKVq7TookJCTkUm4acg80Z_KYivwRgzUA3IACNI4_wMh_Jrl7djFYZNg70SQML2NCY8Yj69N-z3z5tnx8Pq90bsMxvftMU3_MivJej0vsD_DhJk-1OvgfdVC0o5wRAIyouBqfcxGcXiVDpiSzfRBl913maH3T0lVfzaOQ80PUnkssXIgKFZw:1sjhIK:CU05A6ENWW-vioNwb2ggFaeooSJVc3uq67vi-pcmJp8	2024-08-29 16:42:44.140941+00
pklv2udiy059cqrkup4aws0f397gtmqz	.eJxlUTtPwzAQ_ivVzVEU59WkEyBVTGWAItEpusSXxJDYlZ0gVVX_O-cSFRCb73ue7TNUOE99NTuylZKwAVFA8Bussfkg7Rn5jrozYWP0ZFUdekm4sC7cGUnDw6L9E9Cj69ldrHMSdSrrOI_TGhNZokgyhtYiy0Qc5SJq25aEjMuSMKrzPCrKVq7TookJCTkUm4acg80Z_KYivwRgzUA3IACNI4_wMh_Jrl7djFYZNg70SQML2NCY8Yj69N-z3z5tnx8Pq90bsMxvftMU3_MivJej0vsD_DhJk-1OvgfdVC0o5wRAIyouBqfcxGcXiVDpiSzfRBl913maH3T0lVfzaOQ80PUnkssXIgKFZw:1sgRRB:hNhudRloHDrJIxwNLIdVVHbmGAP6dylLvEHp-MCmMJw	2024-08-20 17:10:25.50811+00
utyhv68fyxk8v8gsrtgwg8e09hwarw6i	.eJxlUTtPwzAQ_ivVzVEU59WkEyBVTGWAItEpusSXxJDYlZ0gVVX_O-cSFRCb73ue7TNUOE99NTuylZKwAVFA8Bussfkg7Rn5jrozYWP0ZFUdekm4sC7cGUnDw6L9E9Cj69ldrHMSdSrrOI_TGhNZokgyhtYiy0Qc5SJq25aEjMuSMKrzPCrKVq7TookJCTkUm4acg80Z_KYivwRgzUA3IACNI4_wMh_Jrl7djFYZNg70SQML2NCY8Yj69N-z3z5tnx8Pq90bsMxvftMU3_MivJej0vsD_DhJk-1OvgfdVC0o5wRAIyouBqfcxGcXiVDpiSzfRBl913maH3T0lVfzaOQ80PUnkssXIgKFZw:1slG5O:_858SrrLb5DN9LdStHPS58hTN0_ABLEXMlMAif3wDuo	2024-09-03 00:03:50.245048+00
ek5vqvjhf54m2f2ynbjylhnti0e5wxf1	.eJxlUTtPwzAQ_ivVzVEUp3l2AqSKqQxQJDpFl_iSGBK7shOkqup_51yiAmLzfc-zfYYK56mvZke2UhI2IAoIfoM1Nh-kPSPfUXcmbIyerKpDLwkX1oU7I2l4WLR_Anp0PbuLPCNRJ7KOszipcS1LFOuUoVykqYijTERt25KQcVkSRnWWRUXZyjwpmpiQkEOxacg52JzBbyqySwDWDHQDAtA48ggv85Hs6tXNaJVh40CfNLCADY0Zj6hP_z377dP2-fGw2r0By_zmN03xPS_CezkqvT_Aj5M02e7ke9BN1YJyTgA0ouJicMpNfHaRCJWeyPJNlNF3naf5QUdfeTWPRs4DXX8ivnwBIgCFZg:1slWj4:a8niKti1pyJDkIJMh-GdbMmujQlQKjP8WO0kqo6eH1c	2024-09-03 17:49:54.549926+00
a0dud79bjsih0hvwltlk2z01lberg0va	.eJxlUTtPwzAQ_ivVzVEU59WkEyBVTGWAItEpusSXxJDYlZ0gVVX_O-cSFRCb73ue7TNUOE99NTuylZKwAVFA8Bussfkg7Rn5jrozYWP0ZFUdekm4sC7cGUnDw6L9E9Cj69ldrHMSdSrrOI_TGhNZokgyhtYiy0Qc5SJq25aEjMuSMKrzPCrKVq7TookJCTkUm4acg80Z_KYivwRgzUA3IACNI4_wMh_Jrl7djFYZNg70SQML2NCY8Yj69N-z3z5tnx8Pq90bsMxvftMU3_MivJej0vsD_DhJk-1OvgfdVC0o5wRAIyouBqfcxGcXiVDpiSzfRBl913maH3T0lVfzaOQ80PUnkssXIgKFZw:1sls2P:IUqsiEwy2RdaeowY73_hpgZ1djK6cXO7ElhhWzvrl3M	2024-09-04 16:35:17.73303+00
hij4kejr76w2kdlsa2468odx7fpgqmm5	.eJxlUTtPwzAQ_ivVzVEU59WkEyBVTGWAItEpusSXxJDYlZ0gVVX_O-cSFRCb73ue7TNUOE99NTuylZKwAVFA8Bussfkg7Rn5jrozYWP0ZFUdekm4sC7cGUnDw6L9E9Cj69ldrHMSdSrrOI_TGhNZokgyhtYiy0Qc5SJq25aEjMuSMKrzPCrKVq7TookJCTkUm4acg80Z_KYivwRgzUA3IACNI4_wMh_Jrl7djFYZNg70SQML2NCY8Yj69N-z3z5tnx8Pq90bsMxvftMU3_MivJej0vsD_DhJk-1OvgfdVC0o5wRAIyouBqfcxGcXiVDpiSzfRBl913maH3T0lVfzaOQ80PUnkssXIgKFZw:1slxVa:rw2byd9AUOVhYsWgJK3QvLX3TM9ig8dDyjobixorOKU	2024-09-04 22:25:46.91899+00
8c68wflkij0lrgduwf4hma6efrp8uea2	.eJxlUTtPwzAQ_ivVzVEUp3l2AqSKqQxQJDpFl_iSGBK7shOkqup_51yiAmLzfc-zfYYK56mvZke2UhI2IAoIfoM1Nh-kPSPfUXcmbIyerKpDLwkX1oU7I2l4WLR_Anp0PbuLPCNRJ7KOszipcS1LFOuUoVykqYijTERt25KQcVkSRnWWRUXZyjwpmpiQkEOxacg52JzBbyqySwDWDHQDAtA48ggv85Hs6tXNaJVh40CfNLCADY0Zj6hP_z377dP2-fGw2r0By_zmN03xPS_CezkqvT_Aj5M02e7ke9BN1YJyTgA0ouJicMpNfHaRCJWeyPJNlNF3naf5QUdfeTWPRs4DXX8ivnwBIgCFZg:1sb5XD:c_hQ9qs0Ok7ZUjVGmRRFdjYwQJFXFl7cAijiWXUsPFY	2024-08-05 22:46:31.792757+00
tc1eoz0zk74enfrqcew2f9jgigyyx7vb	.eJxlUTtPwzAQ_ivVzVEU59WkEyBVTGWAItEpusSXxJDYlZ0gVVX_O-cSFRCb73ue7TNUOE99NTuylZKwAVFA8Bussfkg7Rn5jrozYWP0ZFUdekm4sC7cGUnDw6L9E9Cj69ldrHMSdSrrOI_TGhNZokgyhtYiy0Qc5SJq25aEjMuSMKrzPCrKVq7TookJCTkUm4acg80Z_KYivwRgzUA3IACNI4_wMh_Jrl7djFYZNg70SQML2NCY8Yj69N-z3z5tnx8Pq90bsMxvftMU3_MivJej0vsD_DhJk-1OvgfdVC0o5wRAIyouBqfcxGcXiVDpiSzfRBl913maH3T0lVfzaOQ80PUnkssXIgKFZw:1sl8pE:JWVMD9aU_e414aQwDeLBk7LFE0gmuK1DDiolafNcpT8	2024-09-02 16:18:40.107041+00
ik41wc6s92n8b0fyf7y87q1n7vjet0a0	.eJxlkMtOwzAQRX-lmnUUxWmeXQFSxaosoEh0FU3sSWJI7MpOkKoq_85ERAXEznPvufPwFSqcxq6aPLlKK9iBKCD4LdYoP8gsjnpH09pQWjM6XYcLEq6uDw9WUf-wsn8adOg7Thd5RqJOVB1ncVLjVpUotilLuUhTEUeZiJqmIaHisiSM6iyLirJReVLImJCQm6KU5D3srrBsKrI5AGd7ugkBGBy4hJfpTG7z6id02nKwp0_qGeCAtMMZzeV_5rh_2j8_njaHN2Bs2fzGFN_1Ct6rQZvjCX6SZMi1l2UO-rFaVe4TAA2oeTB47Ud--0iE2ozk-BJtzV272PyhA8zzF3e5fsU:1smFw2:hMiYomZ3xa270AWFYx5-m5CqG4m9TE01gQFxKtGPJCw	2024-09-05 18:06:18.191245+00
o6ta0tgelaalju4pvnv44bqh5oxlbxtv	.eJxlkEtrwzAQhP9K0NkYS37IzS2FkFNy6APak1lJq9qtLAXLLpTg_16pFSGlOmlmvlmWvZAOlrnvFo9TNyiyJZRkt54A-YE2Buod7JvLpbPzNIg8InlKfX50Cs19Yv8M6MH3oS0aaJuWg-ZlUetSsFbUrKiBaUbr8HgZPKULgciQAa3oHa9byTVlVcM1D0NBSvSebC8kLkrXjEzO4FVnxMIYJHlczjhtnv0C0-BCz-Anmt-CdOMZ7Nf_ztP-tH84vG6OLyRgcfEbJsrEgRoHS661XZIG_NwlL0gcYTDxu6ZodGox-HPgav0GWPN1eA:1sbpKS:9YA8NHoIRKRyanG7EC7_OK-nz7IcdZGnHzV40Do8_50	2024-08-07 23:40:24.041009+00
7elydcfn8wbzkbrvddikj8np1zzjzrgb	.eJxlUTtPwzAQ_ivVzVEUp3l2AqSKqQxQJDpFl_iSGBK7shOkqup_51yiAmLzfc-zfYYK56mvZke2UhI2IAoIfoM1Nh-kPSPfUXcmbIyerKpDLwkX1oU7I2l4WLR_Anp0PbuLPCNRJ7KOszipcS1LFOuUoVykqYijTERt25KQcVkSRnWWRUXZyjwpmpiQkEOxacg52JzBbyqySwDWDHQDAtA48ggv85Hs6tXNaJVh40CfNLCADY0Zj6hP_z377dP2-fGw2r0By_zmN03xPS_CezkqvT_Aj5M02e7ke9BN1YJyTgA0ouJicMpNfHaRCJWeyPJNlNF3naf5QUdfeTWPRs4DXX8iuXwBIgSFaA:1scUIe:rM7AVqRO49_HhE2c4u-U_CdsHAty6wQN_POjiRft0T4	2024-08-09 19:25:16.459484+00
ukukpyzp3vksgz1zmb19dnd2b3l8r7dr	.eJxlUTtPwzAQ_ivVzVEU59WkEyBVTGWAItEpusSXxJDYlZ0gVVX_O-cSFRCb73ue7TNUOE99NTuylZKwAVFA8Bussfkg7Rn5jrozYWP0ZFUdekm4sC7cGUnDw6L9E9Cj69ldrHMSdSrrOI_TGhNZokgyhtYiy0Qc5SJq25aEjMuSMKrzPCrKVq7TookJCTkUm4acg80Z_KYivwRgzUA3IACNI4_wMh_Jrl7djFYZNg70SQML2NCY8Yj69N-z3z5tnx8Pq90bsMxvftMU3_MivJej0vsD_DhJk-1OvgfdVC0o5wRAIyouBqfcxGcXiVDpiSzfRBl913maH3T0lVfzaOQ80PUnkssXIgKFZw:1scWu6:GobpcFD3Sz8bcToC-PVkWydPyl9ADMhSSGQpUxEUO1o	2024-08-09 22:12:06.301838+00
4taq1uxbp57opc44h8zpdsil3m6tksgh	.eJxlUTtPwzAQ_ivVzVEU59WkEyBVTGWAItEpusSXxJDYlZ0gVVX_O-cSFRCb73ue7TNUOE99NTuylZKwAVFA8Bussfkg7Rn5jrozYWP0ZFUdekm4sC7cGUnDw6L9E9Cj69ldrHMSdSrrOI_TGhNZokgyhtYiy0Qc5SJq25aEjMuSMKrzPCrKVq7TookJCTkUm4acg80Z_KYivwRgzUA3IACNI4_wMh_Jrl7djFYZNg70SQML2NCY8Yj69N-z3z5tnx8Pq90bsMxvftMU3_MivJej0vsD_DhJk-1OvgfdVC0o5wRAIyouBqfcxGcXiVDpiSzfRBl913maH3T0lVfzaOQ80PUnkssXIgKFZw:1scYri:RknZVFYsLjZi9epU1-ySkizUgGoqrpqwjmGR1c4EMBM	2024-08-10 00:17:46.561685+00
nqyzkb231hmhbzg4t9zg4u2om2ug6pda	.eJxlUTtPwzAQ_ivVzVEU59WkEyBVTGWAItEpusSXxJDYlZ0gVVX_O-cSFRCb73ue7TNUOE99NTuylZKwAVFA8Bussfkg7Rn5jrozYWP0ZFUdekm4sC7cGUnDw6L9E9Cj69ldrHMSdSrrOI_TGhNZokgyhtYiy0Qc5SJq25aEjMuSMKrzPCrKVq7TookJCTkUm4acg80Z_KYivwRgzUA3IACNI4_wMh_Jrl7djFYZNg70SQML2NCY8Yj69N-z3z5tnx8Pq90bsMxvftMU3_MivJej0vsD_DhJk-1OvgfdVC0o5wRAIyouBqfcxGcXiVDpiSzfRBl913maH3T0lVfzaOQ80PUnkssXIgKFZw:1sdW3Y:ywb_gVqiu9z0W9t5F2TzRuEDVATMtM2ud5pvvFnrKRc	2024-08-12 15:29:56.111123+00
4qlim5ij3wcdjfzjwpcronfda6y2g0k4	.eJxlUTtPwzAQ_ivVzVEUp3l2AqSKqQxQJDpFl_iSGBK7shOkqup_51yiAmLzfc-zfYYK56mvZke2UhI2IAoIfoM1Nh-kPSPfUXcmbIyerKpDLwkX1oU7I2l4WLR_Anp0PbuLPCNRJ7KOszipcS1LFOuUoVykqYijTERt25KQcVkSRnWWRUXZyjwpmpiQkEOxacg52JzBbyqySwDWDHQDAtA48ggv85Hs6tXNaJVh40CfNLCADY0Zj6hP_z377dP2-fGw2r0By_zmN03xPS_CezkqvT_Aj5M02e7ke9BN1YJyTgA0ouJicMpNfHaRCJWeyPJNlNF3naf5QUdfeTWPRs4DXX8ivnwBIgCFZg:1sdZUd:zA0-vLZhaG-YcMiZXCg4YsIOSHTDUzRS1RnXHxM3FfQ	2024-08-12 19:10:07.19292+00
1kjw4mcy1pznas7c4jv1zz1jcesfbnsg	.eJxlkMtOwzAQRX-lmnUUxWmeXQFSxaosoEh0FU3sSWJI7MpOkKoq_85ERAXEznPvufPwFSqcxq6aPLlKK9iBKCD4LdYoP8gsjnpH09pQWjM6XYcLEq6uDw9WUf-wsn8adOg7Thd5RqJOVB1ncVLjVpUotilLuUhTEUeZiJqmIaHisiSM6iyLirJReVLImJCQm6KU5D3srrBsKrI5AGd7ugkBGBy4hJfpTG7z6id02nKwp0_qGeCAtMMZzeV_5rh_2j8_njaHN2Bs2fzGFN_1Ct6rQZvjCX6SZMi1l2UO-rFaVe4TAA2oeTB47Ud--0iE2ozk-BJtzV272PyhA8zzF3e5fsU:1sdahc:7bZY0257SF6SYNl8vcQe0d_UXdn_7YdWEv_pQO04v_4	2024-08-12 20:27:36.162608+00
2yx91gn8o8ldfgh7iuv4id1z4wonrjw0	.eJxlUTtPwzAQ_ivVzVEU59WkEyBVTGWAItEpusSXxJDYlZ0gVVX_O-cSFRCb73ue7TNUOE99NTuylZKwAVFA8Bussfkg7Rn5jrozYWP0ZFUdekm4sC7cGUnDw6L9E9Cj69ldrHMSdSrrOI_TGhNZokgyhtYiy0Qc5SJq25aEjMuSMKrzPCrKVq7TookJCTkUm4acg80Z_KYivwRgzUA3IACNI4_wMh_Jrl7djFYZNg70SQML2NCY8Yj69N-z3z5tnx8Pq90bsMxvftMU3_MivJej0vsD_DhJk-1OvgfdVC0o5wRAIyouBqfcxGcXiVDpiSzfRBl913maH3T0lVfzaOQ80PUnkssXIgKFZw:1sdtR6:KGXRbOutjgvoCQ5ZPP3J2GXqyFKucFma2qXyt2djWPk	2024-08-13 16:27:48.94056+00
z6zh6ganw8fblt3h9psu931qecueeww5	.eJxlUTtPwzAQ_ivVzVEU59WkEyBVTGWAItEpusSXxJDYlZ0gVVX_O-cSFRCb73ue7TNUOE99NTuylZKwAVFA8Bussfkg7Rn5jrozYWP0ZFUdekm4sC7cGUnDw6L9E9Cj69ldrHMSdSrrOI_TGhNZokgyhtYiy0Qc5SJq25aEjMuSMKrzPCrKVq7TookJCTkUm4acg80Z_KYivwRgzUA3IACNI4_wMh_Jrl7djFYZNg70SQML2NCY8Yj69N-z3z5tnx8Pq90bsMxvftMU3_MivJej0vsD_DhJk-1OvgfdVC0o5wRAIyouBqfcxGcXiVDpiSzfRBl913maH3T0lVfzaOQ80PUnkssXIgKFZw:1sdxLj:u1n1AQHygR8N6W6ABLRrogbRxgISSssoEQSbFDXdxkg	2024-08-13 20:38:31.519984+00
r8klc9oabotsm1bs0gdz2wfoy9u7hth3	.eJxlUTtPwzAQ_ivVzVEU59WkEyBVTGWAItEpusSXxJDYlZ0gVVX_O-cSFRCb73ue7TNUOE99NTuylZKwAVFA8Bussfkg7Rn5jrozYWP0ZFUdekm4sC7cGUnDw6L9E9Cj69ldrHMSdSrrOI_TGhNZokgyhtYiy0Qc5SJq25aEjMuSMKrzPCrKVq7TookJCTkUm4acg80Z_KYivwRgzUA3IACNI4_wMh_Jrl7djFYZNg70SQML2NCY8Yj69N-z3z5tnx8Pq90bsMxvftMU3_MivJej0vsD_DhJk-1OvgfdVC0o5wRAIyouBqfcxGcXiVDpiSzfRBl913maH3T0lVfzaOQ80PUnkssXIgKFZw:1secOa:6hSU6hL2IaLj8Rd7801crXGv8tMEC_TX4Oi7ZUWmpoQ	2024-08-15 16:28:12.932554+00
beheo74dakpzfhk0wuc8jwiyjqbt7sao	.eJxlUTtPwzAQ_ivVzVEUp3l2AqSKqQxQJDpFl_iSGBK7shOkqup_51yiAmLzfc-zfYYK56mvZke2UhI2IAoIfoM1Nh-kPSPfUXcmbIyerKpDLwkX1oU7I2l4WLR_Anp0PbuLPCNRJ7KOszipcS1LFOuUoVykqYijTERt25KQcVkSRnWWRUXZyjwpmpiQkEOxacg52JzBbyqySwDWDHQDAtA48ggv85Hs6tXNaJVh40CfNLCADY0Zj6hP_z377dP2-fGw2r0By_zmN03xPS_CezkqvT_Aj5M02e7ke9BN1YJyTgA0ouJicMpNfHaRCJWeyPJNlNF3naf5QUdfeTWPRs4DXX8iuXwBIgSFaA:1segOu:Q9WrDuaa_6ShmhAmmpRjSJhuVr3X6Nx0kVA2M27KzfQ	2024-08-15 20:44:48.242858+00
bzj5gpj4f0ump1ixbo00j64g3kvtuxhn	.eJxlkMtOwzAQRX-lmnUUxWmeXQFSxaosoEh0FU3sSWJI7MpOkKoq_85ERAXEznPvufPwFSqcxq6aPLlKK9iBKCD4LdYoP8gsjnpH09pQWjM6XYcLEq6uDw9WUf-wsn8adOg7Thd5RqJOVB1ncVLjVpUotilLuUhTEUeZiJqmIaHisiSM6iyLirJReVLImJCQm6KU5D3srrBsKrI5AGd7ugkBGBy4hJfpTG7z6id02nKwp0_qGeCAtMMZzeV_5rh_2j8_njaHN2Bs2fzGFN_1Ct6rQZvjCX6SZMi1l2UO-rFaVe4TAA2oeTB47Ud--0iE2ozk-BJtzV272PyhA8zzF3e5fsU:1sfUkZ:gZ0QghGpFJ2w2HY2_R5j_eVvhTGnLUnwyexlptERtVQ	2024-08-18 02:30:31.68307+00
hc7e1a6a7xsah2lsmixvhseq9l81hmmv	.eJxlUTtPwzAQ_ivVzVEU59WkEyBVTGWAItEpusSXxJDYlZ0gVVX_O-cSFRCb73ue7TNUOE99NTuylZKwAVFA8Bussfkg7Rn5jrozYWP0ZFUdekm4sC7cGUnDw6L9E9Cj69ldrHMSdSrrOI_TGhNZokgyhtYiy0Qc5SJq25aEjMuSMKrzPCrKVq7TookJCTkUm4acg80Z_KYivwRgzUA3IACNI4_wMh_Jrl7djFYZNg70SQML2NCY8Yj69N-z3z5tnx8Pq90bsMxvftMU3_MivJej0vsD_DhJk-1OvgfdVC0o5wRAIyouBqfcxGcXiVDpiSzfRBl913maH3T0lVfzaOQ80PUnkssXIgKFZw:1sgpJM:6LLOR8wsnHJ3dzvPyl8t9puWBYtdGovu7EU7B34WLxs	2024-08-21 18:39:56.095732+00
wfd07qxxpbnnxly45nap99rps35cx0cs	.eJxlkMtOwzAQRX-lmnUUxWmeXQFSxaosoEh0FU3sSWJI7MpOkKoq_85ERAXEznPvufPwFSqcxq6aPLlKK9iBKCD4LdYoP8gsjnpH09pQWjM6XYcLEq6uDw9WUf-wsn8adOg7Thd5RqJOVB1ncVLjVpUotilLuUhTEUeZiJqmIaHisiSM6iyLirJReVLImJCQm6KU5D3srrBsKrI5AGd7ugkBGBy4hJfpTG7z6id02nKwp0_qGeCAtMMZzeV_5rh_2j8_njaHN2Bs2fzGFN_1Ct6rQZvjCX6SZMi1l2UO-rFaVe4TAA2oeTB47Ud--0iE2ozk-BJtzV272PyhA8zzF3e5fsU:1sb73c:yeNNnLHkHO2K9bx1LbWN1D1hLI_8idmbouux1_Hn2As	2024-08-06 00:24:04.708314+00
528ofn2vui197gw2r06l0xdk9l31j4wi	.eJxlUTtPwzAQ_ivVzVEU59WkEyBVTGWAItEpusSXxJDYlZ0gVVX_O-cSFRCb73ue7TNUOE99NTuylZKwAVFA8Bussfkg7Rn5jrozYWP0ZFUdekm4sC7cGUnDw6L9E9Cj69ldrHMSdSrrOI_TGhNZokgyhtYiy0Qc5SJq25aEjMuSMKrzPCrKVq7TookJCTkUm4acg80Z_KYivwRgzUA3IACNI4_wMh_Jrl7djFYZNg70SQML2NCY8Yj69N-z3z5tnx8Pq90bsMxvftMU3_MivJej0vsD_DhJk-1OvgfdVC0o5wRAIyouBqfcxGcXiVDpiSzfRBl913maH3T0lVfzaOQ80PUnkssXIgKFZw:1sbpYJ:so_dKY6X6gjSMnVVFBjqSN0sl6TEO-UnHrPcMkNSXlI	2024-08-07 23:54:43.024995+00
mktwxzvv13s8gm5w301ji4ljhc5m4086	.eJxlUTtPwzAQ_ivVzVEU59WkEyBVTGWAItEpusSXxJDYlZ0gVVX_O-cSFRCb73ue7TNUOE99NTuylZKwAVFA8Bussfkg7Rn5jrozYWP0ZFUdekm4sC7cGUnDw6L9E9Cj69ldrHMSdSrrOI_TGhNZokgyhtYiy0Qc5SJq25aEjMuSMKrzPCrKVq7TookJCTkUm4acg80Z_KYivwRgzUA3IACNI4_wMh_Jrl7djFYZNg70SQML2NCY8Yj69N-z3z5tnx8Pq90bsMxvftMU3_MivJej0vsD_DhJk-1OvgfdVC0o5wRAIyouBqfcxGcXiVDpiSzfRBl913maH3T0lVfzaOQ80PUnkssXIgKFZw:1slAOw:5aJWgOqVx_XBJH7GsZ4DUsvVr9s5ejy6scF9QTyEj7s	2024-09-02 17:59:38.824523+00
77z10kayylqs67955chkbzk8gv9gfg00	.eJxlUTtPwzAQ_ivVzVEUp3l2AqSKqQxQJDpFl_iSGBK7shOkqup_51yiAmLzfc-zfYYK56mvZke2UhI2IAoIfoM1Nh-kPSPfUXcmbIyerKpDLwkX1oU7I2l4WLR_Anp0PbuLPCNRJ7KOszipcS1LFOuUoVykqYijTERt25KQcVkSRnWWRUXZyjwpmpiQkEOxacg52JzBbyqySwDWDHQDAtA48ggv85Hs6tXNaJVh40CfNLCADY0Zj6hP_z377dP2-fGw2r0By_zmN03xPS_CezkqvT_Aj5M02e7ke9BN1YJyTgA0ouJicMpNfHaRCJWeyPJNlNF3naf5QUdfeTWPRs4DXX8iuXwBIgSFaA:1sfUkb:AwUh56iI4np7SPdV8312r3Dc6LKZyQ8ut8qpkG69pvQ	2024-08-18 02:30:33.042103+00
soskg16d0imxi0u4pczapxzceyef93nx	.eJxlUTtPwzAQ_ivVzVEU59WkEyBVTGWAItEpusSXxJDYlZ0gVVX_O-cSFRCb73ue7TNUOE99NTuylZKwAVFA8Bussfkg7Rn5jrozYWP0ZFUdekm4sC7cGUnDw6L9E9Cj69ldrHMSdSrrOI_TGhNZokgyhtYiy0Qc5SJq25aEjMuSMKrzPCrKVq7TookJCTkUm4acg80Z_KYivwRgzUA3IACNI4_wMh_Jrl7djFYZNg70SQML2NCY8Yj69N-z3z5tnx8Pq90bsMxvftMU3_MivJej0vsD_DhJk-1OvgfdVC0o5wRAIyouBqfcxGcXiVDpiSzfRBl913maH3T0lVfzaOQ80PUnkssXIgKFZw:1slUUw:ibKYRLVO9y6zdsUS7xLqzI8ImrtoxBxGZf33dfmAixE	2024-09-03 15:27:10.397079+00
pzjxxrlc531330j898lik8v43emmng8a	.eJxVkUtPwzAQhP8K8rmyUjskaU-AVFUcygFxgFO09m4e4Aey04qq6n_HadNSjrPzzezKPrAatkNXbyOFuke2ZAWb3c4U6C9yo4Gf4FrPtXdD6BUfET65kW88knma2H8FHcQupUskqgSqBnIlQRLkIKXKhboXQkhViWqRzWHeoKYKddnIDFBhVUhsFlRmZSoFrSlGtjyw8dD8OGPBG7poMWMObJLsEW3v-jgEQB9SztCOTAJSQHv7DW5_ycyvmbfVy-p1_XG3eWcJGw-_MMVZTtzzDpwDvgYVejLArgVnY9wGcain4Q1GFnrzV9BOzsNAjkK7T89quf0Zl58KrMetodOPiOMvLouKNA:1sh93f:dFNmg1nCBVbkNgtiTsz8iyo4SLEqMsy26Y3aD0VB6Uw	2024-08-22 15:45:03.621739+00
751vnjb9zteo1ikr4vv2uesfegoxm6y1	.eJxlUTtPwzAQ_ivVzVEUp3l2AqSKqQxQJDpFl_iSGBK7shOkqup_51yiAmLzfc-zfYYK56mvZke2UhI2IAoIfoM1Nh-kPSPfUXcmbIyerKpDLwkX1oU7I2l4WLR_Anp0PbuLPCNRJ7KOszipcS1LFOuUoVykqYijTERt25KQcVkSRnWWRUXZyjwpmpiQkEOxacg52JzBbyqySwDWDHQDAtA48ggv85Hs6tXNaJVh40CfNLCADY0Zj6hP_z377dP2-fGw2r0By_zmN03xPS_CezkqvT_Aj5M02e7ke9BN1YJyTgA0ouJicMpNfHaRCJWeyPJNlNF3naf5QUdfeTWPRs4DXX8iuXwBIgSFaA:1slZUA:NPoSeY6j1AOeZtfs2Yb7CgrSo9YIpR4C25Y3Mhx8xo0	2024-09-03 20:46:42.721387+00
2l443h4gafk9vmcddkot0jhkp0fsj2y1	.eJxlUTtPwzAQ_ivVzVEU59WkEyBVTGWAItEpusSXxJDYlZ0gVVX_O-cSFRCb73ue7TNUOE99NTuylZKwAVFA8Bussfkg7Rn5jrozYWP0ZFUdekm4sC7cGUnDw6L9E9Cj69ldrHMSdSrrOI_TGhNZokgyhtYiy0Qc5SJq25aEjMuSMKrzPCrKVq7TookJCTkUm4acg80Z_KYivwRgzUA3IACNI4_wMh_Jrl7djFYZNg70SQML2NCY8Yj69N-z3z5tnx8Pq90bsMxvftMU3_MivJej0vsD_DhJk-1OvgfdVC0o5wRAIyouBqfcxGcXiVDpiSzfRBl913maH3T0lVfzaOQ80PUnkssXIgKFZw:1sltR7:q9JGSERvJDXO02Y2EoavcpMbrcstHcqzSX13yZBQYpU	2024-09-04 18:04:53.993301+00
maxtkxbit8z5uytp1fn298qtvygge0n0	.eJxlUTtPwzAQ_ivVzVEU59WkEyBVTGWAItEpusSXxJDYlZ0gVVX_O-cSFRCb73ue7TNUOE99NTuylZKwAVFA8Bussfkg7Rn5jrozYWP0ZFUdekm4sC7cGUnDw6L9E9Cj69ldrHMSdSrrOI_TGhNZokgyhtYiy0Qc5SJq25aEjMuSMKrzPCrKVq7TookJCTkUm4acg80Z_KYivwRgzUA3IACNI4_wMh_Jrl7djFYZNg70SQML2NCY8Yj69N-z3z5tnx8Pq90bsMxvftMU3_MivJej0vsD_DhJk-1OvgfdVC0o5wRAIyouBqfcxGcXiVDpiSzfRBl913maH3T0lVfzaOQ80PUnkssXIgKFZw:1smEZQ:OaY3z9car7OErxegTC2U6rGAE5E6X4eZstGoNc7vdkg	2024-09-05 16:38:52.502822+00
0r4hgg4w01d6k2o687mw7idncwb7yzx9	.eJxlkMtOwzAQRX-lmnUUxWmeXQFSxaosoEh0FU3sSWJI7MpOkKoq_85ERAXEznPvufPwFSqcxq6aPLlKK9iBKCD4LdYoP8gsjnpH09pQWjM6XYcLEq6uDw9WUf-wsn8adOg7Thd5RqJOVB1ncVLjVpUotilLuUhTEUeZiJqmIaHisiSM6iyLirJReVLImJCQm6KU5D3srrBsKrI5AGd7ugkBGBy4hJfpTG7z6id02nKwp0_qGeCAtMMZzeV_5rh_2j8_njaHN2Bs2fzGFN_1Ct6rQZvjCX6SZMi1l2UO-rFaVe4TAA2oeTB47Ud--0iE2ozk-BJtzV272PyhA8zzF3e5fsU:1smH6y:acK0s0Pv_Z-Uke5S7DYafupblqme9aubpoHwBebfDvM	2024-09-05 19:21:40.076458+00
6kwrcvbq9u6yketiwgsbdflrnvhfcc25	.eJxlUTtPwzAQ_ivVzVEU59WkEyBVTGWAItEpusSXxJDYlZ0gVVX_O-cSFRCb73ue7TNUOE99NTuylZKwAVFA8Bussfkg7Rn5jrozYWP0ZFUdekm4sC7cGUnDw6L9E9Cj69ldrHMSdSrrOI_TGhNZokgyhtYiy0Qc5SJq25aEjMuSMKrzPCrKVq7TookJCTkUm4acg80Z_KYivwRgzUA3IACNI4_wMh_Jrl7djFYZNg70SQML2NCY8Yj69N-z3z5tnx8Pq90bsMxvftMU3_MivJej0vsD_DhJk-1OvgfdVC0o5wRAIyouBqfcxGcXiVDpiSzfRBl913maH3T0lVfzaOQ80PUnkssXIgKFZw:1sbRD9:0kbLCyKa9P7yJFj8ZMYKV0_q450pzeHD9UrOQ26Jk58	2024-08-06 21:55:15.619632+00
ja71fmtshw2jrc65e6iif4zpyzk0sb41	.eJxlkM1qwzAQhF8l6GyMJceWm1sKoaf00B9oT2YlrWq1shQsu1CC371SK0JKddLMfLMseyY9LPPQLwGn3iiyI5QU154A-YEuBeod3JsvpXfzZESZkDKnoTx6hfY2s38GDBCG2BYtdG3HQfO6anQtWCcaVjXANKNNfLyOntKVQGTIgG7pDW86yTVl25ZrHoeClBgC2Z1JWpSuBZm8xYsuiIMxSvK4nHDaPIcFJuNjz-In2t-C9OMJ3Nf_ztPh_vBw97o5vpCIpcWvmCQzB2o0jlxq-ywthLnPXpQ4grHpu-Zo9Gqx-HNgtn4DWO91dg:1sbmYx:dnvlP57b9MHy-F344GjUMAwlJBviOuK18ZfuUmb7Pls	2024-08-07 20:43:11.827278+00
79rqozmvownqarroptzxw4uh5f2rp5h2	.eJxlUTtPwzAQ_ivVzVEU59WkEyBVTGWAItEpusSXxJDYlZ0gVVX_O-cSFRCb73ue7TNUOE99NTuylZKwAVFA8Bussfkg7Rn5jrozYWP0ZFUdekm4sC7cGUnDw6L9E9Cj69ldrHMSdSrrOI_TGhNZokgyhtYiy0Qc5SJq25aEjMuSMKrzPCrKVq7TookJCTkUm4acg80Z_KYivwRgzUA3IACNI4_wMh_Jrl7djFYZNg70SQML2NCY8Yj69N-z3z5tnx8Pq90bsMxvftMU3_MivJej0vsD_DhJk-1OvgfdVC0o5wRAIyouBqfcxGcXiVDpiSzfRBl913maH3T0lVfzaOQ80PUnkssXIgKFZw:1sg53Y:H9IOIKTMeUkkJc_xi16l_ACvFp0RtxZ3feyckirtGq8	2024-08-19 17:16:32.471911+00
em5958m9fok0qaxuzh1jp9pdjkg8o32u	.eJxlUTtPwzAQ_ivVzVEU59WkEyBVTGWAItEpusSXxJDYlZ0gVVX_O-cSFRCb73ue7TNUOE99NTuylZKwAVFA8Bussfkg7Rn5jrozYWP0ZFUdekm4sC7cGUnDw6L9E9Cj69ldrHMSdSrrOI_TGhNZokgyhtYiy0Qc5SJq25aEjMuSMKrzPCrKVq7TookJCTkUm4acg80Z_KYivwRgzUA3IACNI4_wMh_Jrl7djFYZNg70SQML2NCY8Yj69N-z3z5tnx8Pq90bsMxvftMU3_MivJej0vsD_DhJk-1OvgfdVC0o5wRAIyouBqfcxGcXiVDpiSzfRBl913maH3T0lVfzaOQ80PUnkssXIgKFZw:1slDLa:oKSoyHNtEKK-eWyJRPzHt6PbSh1b9xATXpwt0wCWYdE	2024-09-02 21:08:22.04801+00
t2sqrt7m8bpoqmw4lzcok911eu3t5dxm	.eJxlUTtPwzAQ_ivVzVEU59WkEyBVTGWAItEpusSXxJDYlZ0gVVX_O-cSFRCb73ue7TNUOE99NTuylZKwAVFA8Bussfkg7Rn5jrozYWP0ZFUdekm4sC7cGUnDw6L9E9Cj69ldrHMSdSrrOI_TGhNZokgyhtYiy0Qc5SJq25aEjMuSMKrzPCrKVq7TookJCTkUm4acg80Z_KYivwRgzUA3IACNI4_wMh_Jrl7djFYZNg70SQML2NCY8Yj69N-z3z5tnx8Pq90bsMxvftMU3_MivJej0vsD_DhJk-1OvgfdVC0o5wRAIyouBqfcxGcXiVDpiSzfRBl913maH3T0lVfzaOQ80PUnkssXIgKFZw:1slVZo:0jRW2UBtOC3tZNsMI_oA3-VfdZPqNRDi6SDU7nPY6nA	2024-09-03 16:36:16.027797+00
16zj6m2so3030hiivtolqx4qvgnjzj0i	.eJxlUTtPwzAQ_ivVzVEU59WkEyBVTGWAItEpusSXxJDYlZ0gVVX_O-cSFRCb73ue7TNUOE99NTuylZKwAVFA8Bussfkg7Rn5jrozYWP0ZFUdekm4sC7cGUnDw6L9E9Cj69ldrHMSdSrrOI_TGhNZokgyhtYiy0Qc5SJq25aEjMuSMKrzPCrKVq7TookJCTkUm4acg80Z_KYivwRgzUA3IACNI4_wMh_Jrl7djFYZNg70SQML2NCY8Yj69N-z3z5tnx8Pq90bsMxvftMU3_MivJej0vsD_DhJk-1OvgfdVC0o5wRAIyouBqfcxGcXiVDpiSzfRBl913maH3T0lVfzaOQ80PUnkssXIgKFZw:1slbuH:n2rrUk2KrIb0N3SucFPmSl-Xuq-u_Ser-iwIntAq9PU	2024-09-03 23:21:49.15491+00
ws5dtl0e7av3mkydpwn3pr78loijghvz	.eJxlUTtPwzAQ_ivVzVEU59WkEyBVTGWAItEpusSXxJDYlZ0gVVX_O-cSFRCb73ue7TNUOE99NTuylZKwAVFA8Bussfkg7Rn5jrozYWP0ZFUdekm4sC7cGUnDw6L9E9Cj69ldrHMSdSrrOI_TGhNZokgyhtYiy0Qc5SJq25aEjMuSMKrzPCrKVq7TookJCTkUm4acg80Z_KYivwRgzUA3IACNI4_wMh_Jrl7djFYZNg70SQML2NCY8Yj69N-z3z5tnx8Pq90bsMxvftMU3_MivJej0vsD_DhJk-1OvgfdVC0o5wRAIyouBqfcxGcXiVDpiSzfRBl913maH3T0lVfzaOQ80PUnkssXIgKFZw:1sluW8:jtb_DaddaMa8gOejCscaz9Pv-rYVKFi4kZNSFJIBtXE	2024-09-04 19:14:08.891174+00
\.


--
-- Data for Name: modules_computerequipment_audit; Type: TABLE DATA; Schema: public; Owner: postgres
--

COPY public.modules_computerequipment_audit (id, audit_date, pantalla_check, pantalla_notas, teclado_check, teclado_notas, puertos_check, puertos_notas, cargador_check, cargador_notas, carcasa_check, carcasa_notas, limpieza_check, fecha_ultima_limpieza, general_notes, is_checked, is_visible, created_at, updated_at, "computerSystem_id") FROM stdin;
1	2024-08-14	\N	\N	\N	\N	\N	\N	\N	\N	\N	\N	\N	\N	\N	f	f	2024-08-09 21:18:54.488687+00	2024-08-09 21:18:54.488703+00	2
2	2024-08-14	\N	\N	\N	\N	\N	\N	\N	\N	\N	\N	\N	\N	\N	f	f	2024-08-09 21:18:54.493204+00	2024-08-09 21:18:54.493217+00	3
\.


--
-- Data for Name: modules_computerequipment_deliveries; Type: TABLE DATA; Schema: public; Owner: postgres
--

COPY public.modules_computerequipment_deliveries (id, items, responsibility_letter, created_at, responsible_id) FROM stdin;
\.


--
-- Data for Name: modules_computerequipment_maintenance; Type: TABLE DATA; Schema: public; Owner: postgres
--

COPY public.modules_computerequipment_maintenance (id, performed_by, type, cost, actions, document, is_checked, date, created_at, "computerSystem_id", provider_id, user_id) FROM stdin;
1	Proveedor	Correctivo	2500.00	{"Reemplazo de Componentes Defectuosos":"MALO"}		t	2024-08-13	2024-08-15 15:25:10.588223+00	\N	\N	\N
\.


--
-- Data for Name: modules_computerequipment_responsiva; Type: TABLE DATA; Schema: public; Owner: postgres
--

COPY public.modules_computerequipment_responsiva (id, items, record, responsibility_letter, created_at, updated_at, area_id, responsible_id) FROM stdin;
\.


--
-- Data for Name: modules_computerperipheral; Type: TABLE DATA; Schema: public; Owner: postgres
--

COPY public.modules_computerperipheral (id, name, peripheral_type, brand, model, serial_number, description, acquisition_date, location, peripheral_status, comments, company_id, responsible_id) FROM stdin;
\.


--
-- Data for Name: modules_computersystem; Type: TABLE DATA; Schema: public; Owner: postgres
--

COPY public.modules_computersystem (id, is_active, serial_number, name, equipment_type, so, brand, model, processor, num_cores, processor_speed, architecture, disk_type, disk_capacity, ram, ram_type, ram_speed, graphics_card, color, battery, warranty, location, equipment_status, last_maintenance_date, comments, area_id, company_id, current_responsible_id, previous_responsible_id) FROM stdin;
6	t	JJFKC63	DESKTOP-C3K320C	Portátil	W11 Home	DELL	G5S	AMD Ryzen 5 4600H with Radeon Graphics	1	3	x64	SSD	512	16	DDR4	\N	AMD RADEON  RX 5600M Series	GRIS 	SEMI UEVA	\N	EMPRESA	En uso	\N	\N	1	1	11	11
7	t	8GFKC63	DESKTOP-DBFBU0P	Portátil	W11 Home	DELL	G5S	AMD Ryzen 5 4600H with Radeon Graphics	1	3	x64	SSD	512	16	DDR4	\N	AMD RADEON  RX 5600M Series	GRIS 	REMPLAZADA	\N	EMPRESA	En uso	\N	\N	2	1	5	\N
8	t	J1GKC63	DESKTOP-UL2UBFC	Portátil	W11 Home	DELL	G5S	AMD Ryzen 5 4600H with Radeon Graphics	1	3	x64	SSD	512	16	DDR4	\N	AMD RADEON  RX 5600M Series	GRIS 	VIDA MEDIA	\N	EMPRESA	En uso	\N	\N	1	1	14	\N
10	t	9F4V6S3	DESKTOP-RH2024	Portátil	W11 Pro	DELL	vostro 14 5410	11th Gen Intel(R) Core(TM) i7-11390H	1	2.9	x64	SSD	512	16	DDR4	\N	Intel Iris Xe Graphics 	GRIS 	SEMI NUEVA	\N	EMPRESA	En uso	\N	\N	2	1	6	\N
20	t	FI0001TE	FI0001TE	Portátil	W11 Home	ACER	nitro an515-44	AMD Ryzen 5 4600H with Radeon Graphics 	1	3	x64	SSD	512	16	DDR5	\N	NVIDIA GeForce  1650	NEGRA Y ROJO	VIDA MEDIA	\N	EMPRESA	En uso	\N	\N	1	1	10	\N
17	t	GGLDJZ2	DESKTOP-0QG75MD	Portátil	W11 Pro	DELL	vostro 3840	Intel(R) Core(TM) i5-8265U CPU @ 1.60GH	1	1.6	x64	SSD Y HDD 1T	256	16	DDR4	\N	NO	NEGRA	VIDA MEDIA	\N	EMPRESA	En uso	\N	\N	4	1	27	27
25	t	5S59PH3	DESKTOP-ITD7UA3	Portátil	W11 Pro	DELL	vostro 3400	11th Gen Intel(R) Core(TM) i5-1135G7 @ 2.40GHz	1	2.4	x64	ssd	250	16	DDR4	\N	NO	gris	SEMI NUEVA	\N	EMPRESA	En uso	\N	\N	5	1	12	12
24	t	UX3405M	LAPTOP-LNAHT248	Portátil	Windows 11 Home	ASUS	ZENBOOK 14	Intel(R) Core(TM) Ultra 7 155H	1	3800	x64	SSD	954	32	DDR5	\N	Intel(R) Arc(TM) Graphics	Azul	Nueva	\N	Empresa	En uso	\N	\N	1	1	24	5
14	t	DESKTOP-ORMQGR2	DESKTOP-ORMQGR2	Portátil	W11 Pro	DELL	vostro 14 5410	11th Gen Intel(R) Core(TM) i7-11390H	1	2.9	x64	SSD	512	16	DDR4	\N	Intel Iris Xe Graphics 	GRIS 	SEMI NUEVA	\N	EMPRESA	En uso	\N	\N	1	1	13	5
2	t	NHQHMAA001220124CB7600	LAPTOP-7CIU0HDJ	Portátil	W11 Home	ACER	PREDATOR	12th Gen Intel(R) Core(TM) i7-12700H	16	2.3	x64	SSD	512	16	DDR5	\N	NVIDIA GeForce RTX 3060	GRIS 	NUEVA	\N	EMPRESA	En uso	\N	\N	10	1	21	21
3	t	NHQHMAA001220124B17600	LAPTOP-5G3LCU1E	Portátil	W11 Home	ACER	PREDATOR	12th Gen Intel(R) Core(TM) i7-12700H	16	2.3	x64	SSD	512	16	DDR5	\N	NVIDIA GeForce RTX 3060	GRIS 	NUEVA	\N	EMPRESA	En uso	\N	\N	10	1	35	5
5	t		PENDIENTE	Portátil	W11 Home	ACER	PREDATOR	12th Gen Intel(R) Core(TM) i7-12700H	16	2.3	x64	SSD	512	16	DDR5	\N	NVIDIA GeForce RTX 3060	GRIS 	NUEVA	\N	EMPRESA	En uso	\N	\N	1	1	12	5
9	t	4G6V6S3	DESKTOP-B5DCA4R	Portátil	W11 Pro	DELL	vostro 14 5410	11th Gen Intel(R) Core(TM) i7-11390H	1	2.9	x64	SSD	512	16	DDR4	\N	Intel Iris Xe Graphics 	GRIS 	SEMI NUEVA	\N	locker 3 marketing	Disponible	\N	\N	1	1	\N	\N
11	t	32XW6S3	DESKTOP-8EKK6BD	Portátil	W11 Pro	DELL	vostro 14 5410	11th Gen Intel(R) Core(TM) i7-11390H	1	2.9	x64	SSD	512	16	DDR4	\N	Intel Iris Xe Graphics 	GRIS 	SEMI NUEVA	\N	EMPRESA	En uso	\N	\N	6	1	23	5
12	t	62XW6S3	DESKTOP-TFITKO2	Portátil	W11 Pro	DELL	vostro 14 5410	11th Gen Intel(R) Core(TM) i7-11390H	1	2.9	x64	SSD	512	16	DDR4	\N	Intel Iris Xe Graphics 	GRIS 	SEMI NUEVA	\N	EMPRESA	En uso	\N	\N	6	1	22	5
16	f	5CG93933NZ	DESKTOP-I0IOGM8	Portátil	W11 Home	HP	hp zbook 14u	Intel(R) Core(TM) i7-8565U CPU @ 1.80GHz	1	1.6	x64	SSD	256	16	DDR4	\N	AMD RADEON PRO WX3200 Graphics	GRIS	SEMI NUEVA	\N	EMPRESA	En uso	\N	\N	1	1	25	5
15	t	FC6V6S3	DESKTOP-49QT2RD	Portátil	W11 Pro	DELL	vostro 14 5410	11th Gen Intel(R) Core(TM) i7-11390H	1	2.9	x64	SSD	512	16	DDR4	\N	Intel Iris Xe Graphics 	GRIS 	SEMI NUEVA	\N	EMPRESA	Disponible	\N	\N	1	1	\N	36
19	t	NHQ9GAL0061270BA773400	LAPTOP-ATP6VB7H	Portátil	W11 Home	ACER	nitro an515-44	AMD Ryzen 5 4600H with Radeon Graphics 	1	3	x64	SSD	512	16	DDR5	\N	NVIDIA GeForce  1650	NEGRA Y ROJO	REMPLAZADA	\N	EMPRESA	En uso	\N	\N	1	1	26	5
26	t	3FB4CL2	DESKTOP-BU1QC2T	Portátil	w10 PRO	DELL	vostro 3840	Intel(R) Core(TM) i5-7200U CPU @ 2.50GHz 	1	2.5	x64	SSD	250	16	DDR4	\N	NO	NEGRA	SEMI NUEVA	\N	EMPRESA	En uso	\N	\N	7	1	29	\N
27	t	27FFJZ2	DESKTOP-EFI1F9A	Portátil	W11 Pro	DELL	vostro 3840	Intel(R) Core(TM) i5-8265U CPU @ 1.60GHz	1	1.6	x64	SSD Y HDD 1T	500	16	DDR4	\N	NO	NEGRA	SEMI NUEVA	\N	EMPRESA	En uso	\N	\N	3	1	31	\N
22	t	DESKTOP-FGALDIG	DESKTOP-FGALDIG	Portátil	W11 Pro	DELL	vostro 3840	11th Gen Intel(R) Core(TM) i5-1135G7 @ 2.40GHz	1	2.4	x64			16	DDR4	\N	NO	NEGRA	SEMI NUEVA	\N	EMPRESA	Disponible	\N	\N	1	1	\N	31
28	t	41B9PH3	DESKTOP-FUFN614	Portátil	W11 Pro	DELL	vostro 3400	11th Gen Intel(R) Core(TM) i5-1135G7 @ 2.40GHz	1	2.4	x64	ssd	250	8	DDR4	\N	NO	GRIS 	SEMI NUEVA	\N	EMPRESA	En uso	\N	\N	8	1	32	\N
29	t	G3KT7T2	DESKTOP-26MESG9	Portátil	W11 Pro	DELL	vostro 3840	Intel(R) Core(TM) i5-8265U CPU @ 1.60GHz	1	1.6	x64	SSD Y HDD 1T	500	16	DDR4	\N	NO	NEGRA	SEMI NUEVA	\N	EMPRESA	En uso	\N	\N	11	1	33	\N
13	t	G2XW65	DESKTOP-FN5EDGG	Portátil	W11 Pro	DELL	vostro 14 5410	11th Gen Intel(R) Core(TM) i7-11390H	1	2.9	x64	SSD	512	16	DDR4	\N	Intel Iris Xe Graphics 	GRIS 	SEMI NUEVA	\N	EMPRESA	En uso	\N	\N	1	1	36	5
23	t	CC-6B-1E-5A-7D-3F	SI0003TE - DESKTOP-6EOEJDK	Portátil	W10 Pro	DELL	vostro 3400	11 TH GEN INTEL® CORE™  I5-1135G7	1	1.8	x64	SSD	256	8	DDR4	\N	NO	GRIS 	VIDA MEDIA	\N	CAMPO - SEGURISTA	En uso	\N	\N	1	1	34	5
21	t	CSTQDX2	DESKTOP-DG0002	Portátil	W11 Pro	DELL	vostro 3840	Intel(R) Core(TM) i5-8265U CPU @ 1.60GHz	1	1.8	x64	SSD Y HDD 1T	250	16	DDR4	\N	NO	NEGRA	VIDA MEDIA	\N	EMPRESA	En uso	\N	\N	3	1	37	30
30	t	JQ3XLJ2	DESKTOP-SA9QDOG	Portátil	W10 Pro	DELL	Latitude 2480	Intel(R) Core(TM) i5-6200U CPU @ 2.30GHz 	1	2.4	x64	HDD	1000	8	DDR4	\N	NO	NEGRA	SIN VIDA	\N	CAMBIAR SSD	Disponible	\N	\N	11	1	\N	15
4	t	NHQHMAA001225170F77600	LAPTOP-I406B54V	Portátil	W11 Home	ACER	PREDATOR	12th Gen Intel(R) Core(TM) i7-12700H	16	2.3	x64	SSD	512	16	DDR5	\N	NVIDIA GeForce RTX 3060	GRIS 	NUEVA	\N	Locker 3	Disponible	\N	\N	3	1	\N	\N
18	t	HG19PH3	DESKTOP-FRFF0N6	Portátil	W11 Pro	DELL	vostro 3400	11th Gen Intel(R) Core(TM) i5-1135G7 @ 2.40GHz	1	2.4	x64	SSD	250	8	DDR4	\N	NO	GRIS	VIDA MEDIA	\N	EMPRESA	En uso	\N	\N	1	1	15	\N
\.


--
-- Data for Name: modules_infrastructure; Type: TABLE DATA; Schema: public; Owner: postgres
--

COPY public.modules_infrastructure (id, type, state, cost, notes, created_at, updated_at, company_id, provider_id, responsible_id) FROM stdin;
\.


--
-- Data for Name: modules_infrastructure_category; Type: TABLE DATA; Schema: public; Owner: postgres
--

COPY public.modules_infrastructure_category (id, name, short_name, is_active, description, created_at, updated_at) FROM stdin;
1	Infraestructura Seguridad	Seguridad	t	seguridad	2024-06-26 21:49:40.793824+00	2024-06-26 21:49:50.46239+00
\.


--
-- Data for Name: modules_infrastructure_item; Type: TABLE DATA; Schema: public; Owner: postgres
--

COPY public.modules_infrastructure_item (id, name, description, quantity, is_active, start_date, time_quantity, time_unit, created_at, updated_at, category_id, company_id) FROM stdin;
1	Camaras	Camaras	5	t	2024-05-01	1	month	2024-06-26 21:50:31.084764+00	2024-06-26 21:51:30.314038+00	1	1
\.


--
-- Data for Name: modules_infrastructure_review; Type: TABLE DATA; Schema: public; Owner: postgres
--

COPY public.modules_infrastructure_review (id, checked, notes, date, file, created_at, updated_at, category_id, item_id, reviewer_id) FROM stdin;
1			2024-06-01		2024-06-26 22:00:35.011695+00	2024-06-26 22:00:35.011717+00	1	1	\N
\.


--
-- Data for Name: modules_software; Type: TABLE DATA; Schema: public; Owner: postgres
--

COPY public.modules_software (id, function, name, version, description, software_type, is_unlimited, max_installations, installation_count, company_id) FROM stdin;
3	Office365	compras.finanzas	-----	-----	package	f	5	0	1
2	Office365	Servicios01	-----	-----	package	f	5	0	1
4	Office365	manufactura.almacen	-----	-----	package	f	5	0	1
5	Office365	servicio01	-----	-----	package	f	5	0	1
6	Office365	Empresa	-----	-----	package	f	5	0	1
1	Antivitus	Trend Micro	-----	-----	package	f	35	0	1
\.


--
-- Data for Name: modules_softwareinstallation; Type: TABLE DATA; Schema: public; Owner: postgres
--

COPY public.modules_softwareinstallation (id, software_identifier, installation_date, "computerSystem_id", software_id) FROM stdin;
2		2024-08-09	3	1
\.


--
-- Data for Name: modules_vehicle; Type: TABLE DATA; Schema: public; Owner: postgres
--

COPY public.modules_vehicle (id, is_active, image_path, name, state, plate, model, year, serial_number, brand, color, vehicle_type, validity, policy_number, mileage, insurance_company, transmission_type, created_at, company_id, owner_id, responsible_id) FROM stdin;
12	t	docs/1/vehicle/12/cover-image	VENTO PLATA	QUERETARO	ULB214H	2018	2018		WOLKSWAEN	PLATA	Personal	2025-01-22	51728-0	200988.00	\N	Automatico	2024-05-30 17:56:41.009+00	1	1	14
11	t	docs/1/vehicle/11/cover-image	VENTO BLANCO	QUERETARO	UNH647E	2018	2918		WOLKSWAGEN	BLANCO	Personal	2025-01-22	51727-0	193331.00	\N	Automatico	2024-05-30 17:52:50.986+00	1	1	11
9	t		OROCH 	QUERETARO	SV4717C	2020	2020	\N	RENAULT	GRIS	Personal	2025-01-22	51731-0	140786.00	\N	Automatico	2024-05-30 17:47:25.043+00	1	1	10
6	t	docs/1/vehicle/6/cover-image	AVEO 	QUERETARO	UMJ080E	2016	2016	\N	CHEVOLET	VINO	Personal	2025-01-22	51726-0	70000.00	\N	Automatico	2024-05-30 17:23:33.667+00	1	8	6
8	t		NP300	QUERETARO	SU5786C	2018	2018	\N	NISSAN	BLANCO	Personal	2025-01-22	55098-0	197729.00	\N	Automatico	2024-05-30 17:45:16.231+00	1	8	15
7	t	docs/1/vehicle/7/cover-image	ONIX	QUERETARO	UMS829G	2022	2022	\N	CHEVROLET	AZÚL	Personal	2025-06-29	004843253	38134.00	\N	Automatico	2024-05-30 17:27:38.331+00	1	1	9
14	t	docs/1/vehicle/14/cover-image	RAM 700 IRAPUATO	QUERETARO	SU5147D	2020	2020		CHRYSLER	BLANCO	Personal	2025-01-22	550590	109120.00	\N	Automatico	2024-05-30 18:00:43.557+00	1	1	8
13	t	docs/1/vehicle/13/cover-image	RAM 700 UTILITARIO	QUERETARO	GT3341B	2020	2020		CHRYSLER	BLANCO	Personal	2025-01-22	55058-0	83489.00	\N	Automatico	2024-05-30 17:58:55.207+00	1	1	12
10	t		S10	MEXICO	KY23333	2017	2017	\N	CHEVROLET	BLANCO	Personal	2025-01-22	55061-0	210976.00	\N	Automatico	2024-05-30 17:49:04.724+00	1	1	15
\.


--
-- Data for Name: modules_vehicle_audit; Type: TABLE DATA; Schema: public; Owner: postgres
--

COPY public.modules_vehicle_audit (id, audit_date, check_interior, notes_interior, check_exterior, notes_exterior, check_tires, notes_tires, check_antifreeze_level, check_fuel_level, general_notes, is_checked, is_visible, created_at, vehicle_id) FROM stdin;
\.


--
-- Data for Name: modules_vehicle_fuel; Type: TABLE DATA; Schema: public; Owner: postgres
--

COPY public.modules_vehicle_fuel (id, payment_receipt, fuel, fuel_type, cost, notes, date, created_at, updated_at, responsible_id, vehicle_id) FROM stdin;
\.


--
-- Data for Name: modules_vehicle_insurance; Type: TABLE DATA; Schema: public; Owner: postgres
--

COPY public.modules_vehicle_insurance (id, policy_number, insurance_company, cost, validity, start_date, end_date, doc, created_at, responsible_id, vehicle_id) FROM stdin;
2	51726-0	SURA	5708.00	12	2024-01-23	2025-01-22	docs/1/vehicle/6/seguro/doc_2.PDF	2024-05-30 18:10:40.634+00	6	6
3	55098-0	SURA	22543.00	12	2024-01-23	2025-01-22	docs/1/vehicle/8/seguro/doc_3.pdf	2024-05-30 18:12:31.4+00	15	8
7	23	Tenergy	10.00	1	2024-06-17	2024-07-16	docs/1/vehicle/10/seguro/doc_7.zip	2024-06-17 21:25:37.096592+00	5	10
8	004843253	ANA SEGUROS	12527.00	12	2024-06-30	2025-06-29	docs/1/vehicle/7/seguro/doc_8.zip	2024-06-21 21:40:26.71843+00	9	7
9	550590	SURA	9149.00	12	2024-01-23	2025-01-22	docs/1/vehicle/14/seguro/doc_9.zip	2024-06-21 21:59:38.961581+00	19	14
10	55058-0	SURA	9149.00	12	2024-01-23	2025-01-22	docs/1/vehicle/13/seguro/doc_10.zip	2024-06-21 22:01:01.029409+00	20	13
11	55061-0	SURA	10718.00	12	2024-01-23	2025-01-22	docs/1/vehicle/10/seguro/doc_11.zip	2024-06-21 22:01:43.649376+00	15	10
13	51728-0	SURA	10384.00	12	2024-01-23	2025-01-22	docs/1/vehicle/12/seguro/doc_13.zip	2024-06-21 22:04:19.872908+00	14	12
14	51727-0	SURA	10624.00	12	2024-01-23	2025-01-22	docs/1/vehicle/11/seguro/doc_14.zip	2024-06-21 22:05:39.031413+00	11	11
15	51731-0	SURA	7718.00	12	2024-01-23	2025-01-22	docs/1/vehicle/9/seguro/doc_15.zip	2024-06-21 22:07:33.248342+00	10	9
\.


--
-- Data for Name: modules_vehicle_maintenance; Type: TABLE DATA; Schema: public; Owner: postgres
--

COPY public.modules_vehicle_maintenance (id, type, date, cost, mileage, "time", general_notes, actions, comprobante, is_checked, created_at, provider_id, vehicle_id) FROM stdin;
15	preventivo	2023-06-30	8282.00	70000.00		CAMBIO DE SENSOR IAC, RECTIFICADO DE FRENOS, CAMBIO DE FILTRO DE CABINA.,CAMBIO DE MAZA FRONTAL DERECHA.	{'CAMBIO FILTRO DE ACEITE': 'PENDIENTE', 'CAMBIO DE BUJIAS': 'PENDIENTE', 'CAMBIO DE  FILTRO DE AIRE MOTOR': 'PENDIENTE', 'INSPECCION DE FRENOS': 'PENDIENTE', 'REVISION DE SUSPENSION: BALATAS': 'PENDIENTE', 'REVISION DE SUSPENSION: DISCOS': 'PENDIENTE', 'REVISION DE SUSPENSION: TAMBORES': 'PENDIENTE', 'REVISION DE SUSPENSION: RECTIFICADO DE DISCOS DELANTEROS': 'PENDIENTE', 'SISTEMA DE CLIMATIZACIÓN: SISTEMA ELÉCTRICO': 'PENDIENTE'}		f	2024-06-06 20:52:01.798+00	7	6
\.


--
-- Data for Name: modules_vehicle_refrendo; Type: TABLE DATA; Schema: public; Owner: postgres
--

COPY public.modules_vehicle_refrendo (id, monto, fecha_pago, comprobante_pago, created_at, vehiculo_id) FROM stdin;
\.


--
-- Data for Name: modules_vehicle_responsive; Type: TABLE DATA; Schema: public; Owner: postgres
--

COPY public.modules_vehicle_responsive (id, image_path_entry_1, image_path_entry_2, image_path_exit_1, image_path_exit_2, initial_mileage, final_mileage, initial_fuel, final_fuel, start_date, end_date, signature, destination, trip_purpose, created_at, responsible_id, vehicle_id) FROM stdin;
\.


--
-- Data for Name: modules_vehicle_tenencia; Type: TABLE DATA; Schema: public; Owner: postgres
--

COPY public.modules_vehicle_tenencia (id, monto, fecha_pago, comprobante_pago, created_at, vehiculo_id) FROM stdin;
1	933.00	2024-03-31	docs/1/vehicle/6/tenencia/comprobante_pago_1..jpg	2024-06-21 22:16:53.590058+00	6
2	572.00	2024-02-05	docs/1/vehicle/13/tenencia/comprobante_pago_2..pdf	2024-06-21 22:17:37.734638+00	13
3	7721.00	2024-01-05	docs/1/vehicle/7/tenencia/comprobante_pago_3..pdf	2024-06-21 22:19:49.442182+00	7
4	933.00	2024-01-31	docs/1/vehicle/8/tenencia/comprobante_pago_4..pdf	2024-06-21 22:20:25.048242+00	8
5	943.00	2024-01-25	docs/1/vehicle/9/tenencia/comprobante_pago_5..pdf	2024-06-21 22:21:03.741031+00	9
\.


--
-- Data for Name: modules_vehicle_verificacion; Type: TABLE DATA; Schema: public; Owner: postgres
--

COPY public.modules_vehicle_verificacion (id, monto, engomado, periodo, fecha_pago, lugar, comprobante_pago, created_at, vehiculo_id) FROM stdin;
\.


--
-- Data for Name: users_area; Type: TABLE DATA; Schema: public; Owner: postgres
--

COPY public.users_area (id, code, name, description, is_active, created_at, company_id) FROM stdin;
1	SI	Sistemas	Sistema e Innovacion	t	2024-06-14 15:45:15.200058+00	1
2	RH	Recursos Humanos	RH	t	2024-06-21 22:40:18.983364+00	1
3	ING	Ingenieria en Subestaciones y Electromecanica	ING	t	2024-09-02 16:41:23.968933+00	1
4	SFVI	Energias Renovables	SFVI	t	2024-09-02 16:42:17.564689+00	1
5	INGC	Ingeiería Civil	INGC	t	2024-09-02 16:43:33.008714+00	1
6	COM	Comercial	Comercial	t	2024-09-02 16:44:14.100502+00	1
7	FAP	Finanzas y Administración de proyectos	FAP	t	2024-09-02 16:47:39.094523+00	1
8	CONT	Contabilidad	Contabilidad	t	2024-09-02 16:48:45.468784+00	1
9	CO	Compras	CO	t	2024-09-02 16:49:40.937015+00	1
10	DI	Desarrollo e Innovación	DI	t	2024-09-02 19:37:27.088118+00	1
11	AL	Almacen	Almacen	t	2024-09-02 19:54:03.196674+00	1
\.


--
-- Data for Name: users_company; Type: TABLE DATA; Schema: public; Owner: postgres
--

COPY public.users_company (id, name, address, created_at) FROM stdin;
1	TENERGY MX	GUANAJUATO	2024-04-08 18:23:24.912+00
2	INTERACCIÓN ELECTRICA	MEXICO	2024-04-08 18:23:58.863+00
\.


--
-- Data for Name: users_module; Type: TABLE DATA; Schema: public; Owner: postgres
--

COPY public.users_module (id, short_name, name, description, created_at) FROM stdin;
1	Usuario	Usuarios	Permisos y accesos de usuario	2024-04-08 18:22:23.397+00
2	Vehículo	Vehículo	\N	2024-04-09 23:26:02.918+00
3	Equipos	Equipos de computo	\N	2024-06-11 18:17:50.662062+00
4	Infraestructura	Infraestructura	\N	2024-06-26 19:18:57.265565+00
\.


--
-- Data for Name: users_provider; Type: TABLE DATA; Schema: public; Owner: postgres
--

COPY public.users_provider (id, name, phone_number, address, is_active, company_id) FROM stdin;
4	ROBERTO ALMANZA	4611118191	Chinameca 220, Benito Juárez, 38030 Celaya, Gto.	t	1
7	JOSE ANTONIO PADILLA ARREDONDO	442 124 4530	Av. Paseo de la Constitución #9 Col Pedrito Peñuelas	t	1
\.


--
-- Data for Name: users_role; Type: TABLE DATA; Schema: public; Owner: postgres
--

COPY public.users_role (id, name, level) FROM stdin;
1	Super Usuario	1
2	Administrador	2
3	Encargado	3
4	Usuario	4
\.


--
-- Data for Name: users_submodule; Type: TABLE DATA; Schema: public; Owner: postgres
--

COPY public.users_submodule (id, is_active, short_name, name, description, icon, link, created_at, "superUserExclusive", module_id) FROM stdin;
10	t	Auditoría	Auditoría	\N	<i class="fa-solid fa-audio-description side-menu__icon"></i>	/vehicles/audit/	2024-05-07 19:44:32.934+00	f	2
16	t	Auditoría	Auditoría	\N	<i class="fa-solid fa-folder-magnifying-glass side-menu__icon"></i>	/computers-equipment/audit/	2024-06-11 22:40:04.648542+00	f	3
14	t	Periféricos	Periféricos	<i class="fa-solid fa-computer-mouse side-menu__icon"></i>	<i class="fa-solid fa-computer-mouse side-menu__icon"></i>	/computers-equipment/peripheral/	2024-06-11 22:40:04.638552+00	f	3
1	t	Empresas	Empresas	\N	<i class="fa-solid fa-users-gear side-menu__icon"></i>	/companys/	2024-04-08 22:21:06.351+00	t	1
2	t	Usuarios	Usuarios	---	<i class="fa-solid fa-users-gear side-menu__icon"></i>	/users/	2024-04-09 20:50:42.691+00	f	1
3	t	Proveedor	Proveedores	Buscar...	<i class="fa-solid fa-user-headset side-menu__icon"></i>	/providers/	2024-04-11 02:26:14.57+00	f	1
4	t	Vehículos	Informacion	---	<i class="fa-solid fa-car-bus side-menu__icon"></i>	/vehicles/	2024-05-07 16:16:49.5+00	f	2
5	t	Tenencia	Tenencia	\N	<i class="fa-solid fa-id-card-clip side-menu__icon"></i>	/vehicles/tenencia/	2024-05-07 19:42:05.441+00	f	2
6	t	Refrendo	Refrendo	\N	<i class="fa-solid fa-id-card-clip side-menu__icon"></i>	/vehicles/refrendo/	2024-05-07 19:42:29.547+00	f	2
7	t	Verificacion	Verificacion	\N	<i class="fa-solid fa-circle-info side-menu__icon"></i>	/vehicles/verificacion/	2024-05-07 19:42:57.634+00	f	2
8	t   Entradas y salidas	Responsiva	\N	<i class="fa-solid fa-car side-menu__icon"></i>	/vehicles/responsiva/	2024-05-07 19:43:44.7+00	f	2
9	t	Seguro	Seguro	\N	<i class="fa-solid fa-car-burst side-menu__icon"></i>	/vehicles/insurance/	2024-05-07 19:44:08.857+00	f	2
11	t	Mantenimiento	Mantenimiento	\N	<i class="fa-solid fa-car-wrench side-menu__icon"></i>	/vehicles/maintenance/	2024-05-07 19:45:08.561+00	f	2
12	t	Area	Area	\N	<i class="fa-solid fa-mug-saucer side-menu__icon"></i>	/areas/	2024-06-11 22:40:04.62779+00	f	1
13	t	Info	Informacion	\N	<i class="fa-solid fa-computer side-menu__icon"></i>	/computers-equipment/	2024-06-11 22:40:04.633537+00	f	3
15	t	Software	Software	\N	<i class="fa-solid fa-code side-menu__icon"></i>	/computers-equipment/software/	2024-06-11 22:40:04.643529+00	f	3
17	t	Mante	Mantenimiento	\N	<i class="fa-sharp fa-solid fa-gear-complex-code side-menu__icon"></i>	/computers-equipment/maintenance/	2024-06-11 22:40:04.653379+00	f	3
18	t	Asignados	Asignados	\N	<i class="fa-sharp fa-solid fa-toolbox side-menu__icon"></i>	/computers-equipment/assigned/	2024-06-11 22:40:04.658787+00	f	3
19	t	Responsivas	Responsivas	\N	<i class="fa-solid fa-code side-menu__icon"></i>	/computers-equipment/responsiva/	2024-06-11 22:40:04.670287+00	f	3
20	t	Entrega	Entrega	\N	<i class="fa-solid fa-person-carry-box side-menu__icon"></i>	/computers-equipment/deliverie/	2024-06-11 22:40:04.675593+00	f	3
21	t	Calendario	Calendario	\N	<i class="fa-solid fa-calendar-days side-menu__icon"></i>	/vehicles/calendar/	2024-06-11 22:40:04.6808+00	f	2
22	t	Combustible	Combustible	\N	<i class="fa-solid fa-gas-pump side-menu__icon"></i>	/vehicles/fuel/	2024-06-11 22:40:04.685644+00	f	2
23	t	Categoria	Categoria	\N	<i class="fa-solid fa-users-gear side-menu__icon"></i>	/infrastructure/category/	2024-06-26 19:19:01.795023+00	t	4
24	t	Items	Items	\N	<i class="fa-solid fa-users-gear side-menu__icon"></i>	/infrastructure/	2024-06-26 19:19:01.800121+00	f	4
25	t	Revisión	Revisión	\N	<i class="fa-solid fa-users-gear side-menu__icon"></i>	/infrastructure/review/	2024-06-26 19:19:01.805181+00	f	4
\.


--
-- Data for Name: users_submodule_permission; Type: TABLE DATA; Schema: public; Owner: postgres
--

COPY public.users_submodule_permission (id, "create", read, update, delete, created_at, "subModule_id", user_id, updated_at) FROM stdin;
6	f	t	f	f	2024-05-07 17:55:05.943+00	1	1	2024-06-11 22:32:14.994167+00
7	f	t	f	f	2024-05-07 18:02:21.962+00	4	1	2024-06-11 22:32:14.994167+00
\.


--
-- Data for Name: users_user_access; Type: TABLE DATA; Schema: public; Owner: postgres
--

COPY public.users_user_access (id, created_at, area_id, company_id, role_id, user_id, updated_at) FROM stdin;
4	2024-05-24 21:48:02.8+00	\N	1	2	6	2024-06-11 22:32:15.028771+00
5	2024-05-24 21:56:05.43+00	\N	1	2	7	2024-06-11 22:32:15.028771+00
6	2024-05-24 21:56:33.188+00	\N	1	2	8	2024-06-11 22:32:15.028771+00
7	2024-05-30 17:28:53.155+00	\N	1	3	9	2024-06-11 22:32:15.028771+00
8	2024-05-30 17:31:47.183+00	\N	1	3	10	2024-06-11 22:32:15.028771+00
9	2024-05-30 17:32:32.553+00	\N	1	3	11	2024-06-11 22:32:15.028771+00
10	2024-05-30 17:33:17.036+00	\N	1	3	12	2024-06-11 22:32:15.028771+00
11	2024-05-30 17:34:00.626+00	\N	1	3	13	2024-06-11 22:32:15.028771+00
12	2024-05-30 17:34:58.425+00	\N	1	3	14	2024-06-11 22:32:15.028771+00
13	2024-05-30 17:36:27.375+00	\N	1	3	15	2024-06-11 22:32:15.028771+00
14	2024-05-30 17:37:19.325+00	\N	1	4	16	2024-06-11 22:32:15.028771+00
1	2024-04-08 18:26:27.281+00	\N	1	1	1	2024-06-11 22:32:15.028771+00
15	2024-06-14 15:45:42.663091+00	1	1	1	17	2024-06-14 15:45:42.66311+00
17	2024-06-21 21:56:32.8578+00	1	1	4	19	2024-06-21 21:56:32.85782+00
18	2024-06-21 21:57:14.536715+00	1	1	4	20	2024-06-21 21:57:14.536734+00
3	2024-04-11 19:21:03.811+00	\N	1	2	5	2024-06-21 21:57:51.878845+00
16	2024-06-17 16:19:32.926792+00	1	1	1	18	2024-06-26 19:15:54.707688+00
19	2024-09-02 19:36:52.300466+00	10	1	4	21	2024-09-02 19:37:47.063009+00
20	2024-09-02 19:40:45.250238+00	6	1	4	22	2024-09-02 19:40:45.250253+00
21	2024-09-02 19:44:02.017302+00	6	1	4	23	2024-09-02 19:44:02.017319+00
22	2024-09-02 19:45:21.296169+00	9	1	4	24	2024-09-02 19:45:21.296187+00
23	2024-09-02 19:46:12.854984+00	1	1	4	25	2024-09-02 19:46:12.855+00
24	2024-09-02 19:47:13.500975+00	4	1	4	26	2024-09-02 19:47:13.500991+00
25	2024-09-02 19:47:49.311473+00	4	1	4	27	2024-09-02 19:47:49.31149+00
26	2024-09-02 19:48:29.448387+00	5	1	4	28	2024-09-02 19:48:29.448403+00
27	2024-09-02 19:49:08.342909+00	7	1	4	29	2024-09-02 19:49:08.342924+00
28	2024-09-02 19:49:56.72979+00	3	1	4	30	2024-09-02 19:51:34.323916+00
29	2024-09-02 19:52:17.135918+00	3	1	4	31	2024-09-02 19:52:17.135934+00
30	2024-09-02 19:53:20.595648+00	8	1	4	32	2024-09-02 19:53:20.595665+00
31	2024-09-02 19:54:27.806639+00	11	1	4	33	2024-09-02 19:54:27.806655+00
33	2024-09-02 19:57:11.029964+00	10	1	4	35	2024-09-02 19:57:11.029979+00
34	2024-09-02 20:08:19.608773+00	6	1	4	36	2024-09-02 20:08:19.608789+00
32	2024-09-02 19:55:00.844839+00	11	1	4	34	2024-09-02 21:52:06.126631+00
35	2024-09-02 22:39:34.111802+00	9	1	4	37	2024-09-02 22:39:34.111819+00
\.


--
-- Name: auth_group_id_seq; Type: SEQUENCE SET; Schema: public; Owner: postgres
--

SELECT pg_catalog.setval('public.auth_group_id_seq', 1, false);


--
-- Name: auth_group_permissions_id_seq; Type: SEQUENCE SET; Schema: public; Owner: postgres
--

SELECT pg_catalog.setval('public.auth_group_permissions_id_seq', 1, false);


--
-- Name: auth_permission_id_seq; Type: SEQUENCE SET; Schema: public; Owner: postgres
--

SELECT pg_catalog.setval('public.auth_permission_id_seq', 232, true);


--
-- Name: auth_user_groups_id_seq; Type: SEQUENCE SET; Schema: public; Owner: postgres
--

SELECT pg_catalog.setval('public.auth_user_groups_id_seq', 1, false);


--
-- Name: auth_user_id_seq; Type: SEQUENCE SET; Schema: public; Owner: postgres
--

SELECT pg_catalog.setval('public.auth_user_id_seq', 37, true);


--
-- Name: auth_user_user_permissions_id_seq; Type: SEQUENCE SET; Schema: public; Owner: postgres
--

SELECT pg_catalog.setval('public.auth_user_user_permissions_id_seq', 1, false);


--
-- Name: django_admin_log_id_seq; Type: SEQUENCE SET; Schema: public; Owner: postgres
--

SELECT pg_catalog.setval('public.django_admin_log_id_seq', 195, true);


--
-- Name: django_content_type_id_seq; Type: SEQUENCE SET; Schema: public; Owner: postgres
--

SELECT pg_catalog.setval('public.django_content_type_id_seq', 35, true);


--
-- Name: django_migrations_id_seq; Type: SEQUENCE SET; Schema: public; Owner: postgres
--

SELECT pg_catalog.setval('public.django_migrations_id_seq', 24, true);


--
-- Name: modules_computerequipment_audit_id_seq; Type: SEQUENCE SET; Schema: public; Owner: postgres
--

SELECT pg_catalog.setval('public.modules_computerequipment_audit_id_seq', 2, true);


--
-- Name: modules_computerequipment_deliveries_id_seq; Type: SEQUENCE SET; Schema: public; Owner: postgres
--

SELECT pg_catalog.setval('public.modules_computerequipment_deliveries_id_seq', 1, false);


--
-- Name: modules_computerequipment_maintenance_id_seq; Type: SEQUENCE SET; Schema: public; Owner: postgres
--

SELECT pg_catalog.setval('public.modules_computerequipment_maintenance_id_seq', 1, true);


--
-- Name: modules_computerequipment_responsiva_id_seq; Type: SEQUENCE SET; Schema: public; Owner: postgres
--

SELECT pg_catalog.setval('public.modules_computerequipment_responsiva_id_seq', 1, false);


--
-- Name: modules_computerperipheral_id_seq; Type: SEQUENCE SET; Schema: public; Owner: postgres
--

SELECT pg_catalog.setval('public.modules_computerperipheral_id_seq', 1, false);


--
-- Name: modules_computersystem_id_seq; Type: SEQUENCE SET; Schema: public; Owner: postgres
--

SELECT pg_catalog.setval('public.modules_computersystem_id_seq', 30, true);


--
-- Name: modules_infrastructure_category_id_seq; Type: SEQUENCE SET; Schema: public; Owner: postgres
--

SELECT pg_catalog.setval('public.modules_infrastructure_category_id_seq', 1, true);


--
-- Name: modules_infrastructure_id_seq; Type: SEQUENCE SET; Schema: public; Owner: postgres
--

SELECT pg_catalog.setval('public.modules_infrastructure_id_seq', 1, false);


--
-- Name: modules_infrastructure_item_id_seq; Type: SEQUENCE SET; Schema: public; Owner: postgres
--

SELECT pg_catalog.setval('public.modules_infrastructure_item_id_seq', 1, true);


--
-- Name: modules_infrastructure_review_id_seq; Type: SEQUENCE SET; Schema: public; Owner: postgres
--

SELECT pg_catalog.setval('public.modules_infrastructure_review_id_seq', 1, true);


--
-- Name: modules_software_id_seq; Type: SEQUENCE SET; Schema: public; Owner: postgres
--

SELECT pg_catalog.setval('public.modules_software_id_seq', 6, true);


--
-- Name: modules_softwareinstallation_id_seq; Type: SEQUENCE SET; Schema: public; Owner: postgres
--

SELECT pg_catalog.setval('public.modules_softwareinstallation_id_seq', 2, true);


--
-- Name: modules_vehicle_audit_id_seq; Type: SEQUENCE SET; Schema: public; Owner: postgres
--

SELECT pg_catalog.setval('public.modules_vehicle_audit_id_seq', 1, false);


--
-- Name: modules_vehicle_fuel_id_seq; Type: SEQUENCE SET; Schema: public; Owner: postgres
--

SELECT pg_catalog.setval('public.modules_vehicle_fuel_id_seq', 1, false);


--
-- Name: modules_vehicle_id_seq; Type: SEQUENCE SET; Schema: public; Owner: postgres
--

SELECT pg_catalog.setval('public.modules_vehicle_id_seq', 14, true);


--
-- Name: modules_vehicle_insurance_id_seq; Type: SEQUENCE SET; Schema: public; Owner: postgres
--

SELECT pg_catalog.setval('public.modules_vehicle_insurance_id_seq', 15, true);


--
-- Name: modules_vehicle_maintenance_id_seq; Type: SEQUENCE SET; Schema: public; Owner: postgres
--

SELECT pg_catalog.setval('public.modules_vehicle_maintenance_id_seq', 15, true);


--
-- Name: modules_vehicle_refrendo_id_seq; Type: SEQUENCE SET; Schema: public; Owner: postgres
--

SELECT pg_catalog.setval('public.modules_vehicle_refrendo_id_seq', 1, false);


--
-- Name: modules_vehicle_responsive_id_seq; Type: SEQUENCE SET; Schema: public; Owner: postgres
--

SELECT pg_catalog.setval('public.modules_vehicle_responsive_id_seq', 1, false);


--
-- Name: modules_vehicle_tenencia_id_seq; Type: SEQUENCE SET; Schema: public; Owner: postgres
--

SELECT pg_catalog.setval('public.modules_vehicle_tenencia_id_seq', 5, true);


--
-- Name: modules_vehicle_verificacion_id_seq; Type: SEQUENCE SET; Schema: public; Owner: postgres
--

SELECT pg_catalog.setval('public.modules_vehicle_verificacion_id_seq', 1, false);


--
-- Name: users_area_id_seq; Type: SEQUENCE SET; Schema: public; Owner: postgres
--

SELECT pg_catalog.setval('public.users_area_id_seq', 11, true);


--
-- Name: users_company_id_seq; Type: SEQUENCE SET; Schema: public; Owner: postgres
--

SELECT pg_catalog.setval('public.users_company_id_seq', 2, true);


--
-- Name: users_module_id_seq; Type: SEQUENCE SET; Schema: public; Owner: postgres
--

SELECT pg_catalog.setval('public.users_module_id_seq', 4, true);


--
-- Name: users_provider_id_seq; Type: SEQUENCE SET; Schema: public; Owner: postgres
--

SELECT pg_catalog.setval('public.users_provider_id_seq', 7, true);


--
-- Name: users_role_id_seq; Type: SEQUENCE SET; Schema: public; Owner: postgres
--

SELECT pg_catalog.setval('public.users_role_id_seq', 4, true);


--
-- Name: users_submodule_id_seq; Type: SEQUENCE SET; Schema: public; Owner: postgres
--

SELECT pg_catalog.setval('public.users_submodule_id_seq', 11, true);


--
-- Name: users_submodule_permission_id_seq; Type: SEQUENCE SET; Schema: public; Owner: postgres
--

SELECT pg_catalog.setval('public.users_submodule_permission_id_seq', 7, true);


--
-- Name: users_user_access_id_seq; Type: SEQUENCE SET; Schema: public; Owner: postgres
--

SELECT pg_catalog.setval('public.users_user_access_id_seq', 35, true);


--
-- Name: auth_group auth_group_name_key; Type: CONSTRAINT; Schema: public; Owner: postgres
--

ALTER TABLE ONLY public.auth_group
    ADD CONSTRAINT auth_group_name_key UNIQUE (name);


--
-- Name: auth_group_permissions auth_group_permissions_group_id_permission_id_0cd325b0_uniq; Type: CONSTRAINT; Schema: public; Owner: postgres
--

ALTER TABLE ONLY public.auth_group_permissions
    ADD CONSTRAINT auth_group_permissions_group_id_permission_id_0cd325b0_uniq UNIQUE (group_id, permission_id);


--
-- Name: auth_group_permissions auth_group_permissions_pkey; Type: CONSTRAINT; Schema: public; Owner: postgres
--

ALTER TABLE ONLY public.auth_group_permissions
    ADD CONSTRAINT auth_group_permissions_pkey PRIMARY KEY (id);


--
-- Name: auth_group auth_group_pkey; Type: CONSTRAINT; Schema: public; Owner: postgres
--

ALTER TABLE ONLY public.auth_group
    ADD CONSTRAINT auth_group_pkey PRIMARY KEY (id);


--
-- Name: auth_permission auth_permission_content_type_id_codename_01ab375a_uniq; Type: CONSTRAINT; Schema: public; Owner: postgres
--

ALTER TABLE ONLY public.auth_permission
    ADD CONSTRAINT auth_permission_content_type_id_codename_01ab375a_uniq UNIQUE (content_type_id, codename);


--
-- Name: auth_permission auth_permission_pkey; Type: CONSTRAINT; Schema: public; Owner: postgres
--

ALTER TABLE ONLY public.auth_permission
    ADD CONSTRAINT auth_permission_pkey PRIMARY KEY (id);


--
-- Name: auth_user_groups auth_user_groups_pkey; Type: CONSTRAINT; Schema: public; Owner: postgres
--

ALTER TABLE ONLY public.auth_user_groups
    ADD CONSTRAINT auth_user_groups_pkey PRIMARY KEY (id);


--
-- Name: auth_user_groups auth_user_groups_user_id_group_id_94350c0c_uniq; Type: CONSTRAINT; Schema: public; Owner: postgres
--

ALTER TABLE ONLY public.auth_user_groups
    ADD CONSTRAINT auth_user_groups_user_id_group_id_94350c0c_uniq UNIQUE (user_id, group_id);


--
-- Name: auth_user auth_user_pkey; Type: CONSTRAINT; Schema: public; Owner: postgres
--

ALTER TABLE ONLY public.auth_user
    ADD CONSTRAINT auth_user_pkey PRIMARY KEY (id);


--
-- Name: auth_user_user_permissions auth_user_user_permissions_pkey; Type: CONSTRAINT; Schema: public; Owner: postgres
--

ALTER TABLE ONLY public.auth_user_user_permissions
    ADD CONSTRAINT auth_user_user_permissions_pkey PRIMARY KEY (id);


--
-- Name: auth_user_user_permissions auth_user_user_permissions_user_id_permission_id_14a6b632_uniq; Type: CONSTRAINT; Schema: public; Owner: postgres
--

ALTER TABLE ONLY public.auth_user_user_permissions
    ADD CONSTRAINT auth_user_user_permissions_user_id_permission_id_14a6b632_uniq UNIQUE (user_id, permission_id);


--
-- Name: auth_user auth_user_username_key; Type: CONSTRAINT; Schema: public; Owner: postgres
--

ALTER TABLE ONLY public.auth_user
    ADD CONSTRAINT auth_user_username_key UNIQUE (username);


--
-- Name: django_admin_log django_admin_log_pkey; Type: CONSTRAINT; Schema: public; Owner: postgres
--

ALTER TABLE ONLY public.django_admin_log
    ADD CONSTRAINT django_admin_log_pkey PRIMARY KEY (id);


--
-- Name: django_content_type django_content_type_app_label_model_76bd3d3b_uniq; Type: CONSTRAINT; Schema: public; Owner: postgres
--

ALTER TABLE ONLY public.django_content_type
    ADD CONSTRAINT django_content_type_app_label_model_76bd3d3b_uniq UNIQUE (app_label, model);


--
-- Name: django_content_type django_content_type_pkey; Type: CONSTRAINT; Schema: public; Owner: postgres
--

ALTER TABLE ONLY public.django_content_type
    ADD CONSTRAINT django_content_type_pkey PRIMARY KEY (id);


--
-- Name: django_migrations django_migrations_pkey; Type: CONSTRAINT; Schema: public; Owner: postgres
--

ALTER TABLE ONLY public.django_migrations
    ADD CONSTRAINT django_migrations_pkey PRIMARY KEY (id);


--
-- Name: django_session django_session_pkey; Type: CONSTRAINT; Schema: public; Owner: postgres
--

ALTER TABLE ONLY public.django_session
    ADD CONSTRAINT django_session_pkey PRIMARY KEY (session_key);


--
-- Name: modules_computerequipment_audit modules_computerequipment_audit_pkey; Type: CONSTRAINT; Schema: public; Owner: postgres
--

ALTER TABLE ONLY public.modules_computerequipment_audit
    ADD CONSTRAINT modules_computerequipment_audit_pkey PRIMARY KEY (id);


--
-- Name: modules_computerequipment_deliveries modules_computerequipment_deliveries_pkey; Type: CONSTRAINT; Schema: public; Owner: postgres
--

ALTER TABLE ONLY public.modules_computerequipment_deliveries
    ADD CONSTRAINT modules_computerequipment_deliveries_pkey PRIMARY KEY (id);


--
-- Name: modules_computerequipment_maintenance modules_computerequipment_maintenance_pkey; Type: CONSTRAINT; Schema: public; Owner: postgres
--

ALTER TABLE ONLY public.modules_computerequipment_maintenance
    ADD CONSTRAINT modules_computerequipment_maintenance_pkey PRIMARY KEY (id);


--
-- Name: modules_computerequipment_responsiva modules_computerequipment_responsiva_pkey; Type: CONSTRAINT; Schema: public; Owner: postgres
--

ALTER TABLE ONLY public.modules_computerequipment_responsiva
    ADD CONSTRAINT modules_computerequipment_responsiva_pkey PRIMARY KEY (id);


--
-- Name: modules_computerperipheral modules_computerperipheral_pkey; Type: CONSTRAINT; Schema: public; Owner: postgres
--

ALTER TABLE ONLY public.modules_computerperipheral
    ADD CONSTRAINT modules_computerperipheral_pkey PRIMARY KEY (id);


--
-- Name: modules_computersystem modules_computersystem_pkey; Type: CONSTRAINT; Schema: public; Owner: postgres
--

ALTER TABLE ONLY public.modules_computersystem
    ADD CONSTRAINT modules_computersystem_pkey PRIMARY KEY (id);


--
-- Name: modules_infrastructure_category modules_infrastructure_category_name_key; Type: CONSTRAINT; Schema: public; Owner: postgres
--

ALTER TABLE ONLY public.modules_infrastructure_category
    ADD CONSTRAINT modules_infrastructure_category_name_key UNIQUE (name);


--
-- Name: modules_infrastructure_category modules_infrastructure_category_pkey; Type: CONSTRAINT; Schema: public; Owner: postgres
--

ALTER TABLE ONLY public.modules_infrastructure_category
    ADD CONSTRAINT modules_infrastructure_category_pkey PRIMARY KEY (id);


--
-- Name: modules_infrastructure_category modules_infrastructure_category_short_name_key; Type: CONSTRAINT; Schema: public; Owner: postgres
--

ALTER TABLE ONLY public.modules_infrastructure_category
    ADD CONSTRAINT modules_infrastructure_category_short_name_key UNIQUE (short_name);


--
-- Name: modules_infrastructure_item modules_infrastructure_item_pkey; Type: CONSTRAINT; Schema: public; Owner: postgres
--

ALTER TABLE ONLY public.modules_infrastructure_item
    ADD CONSTRAINT modules_infrastructure_item_pkey PRIMARY KEY (id);


--
-- Name: modules_infrastructure modules_infrastructure_pkey; Type: CONSTRAINT; Schema: public; Owner: postgres
--

ALTER TABLE ONLY public.modules_infrastructure
    ADD CONSTRAINT modules_infrastructure_pkey PRIMARY KEY (id);


--
-- Name: modules_infrastructure_review modules_infrastructure_review_pkey; Type: CONSTRAINT; Schema: public; Owner: postgres
--

ALTER TABLE ONLY public.modules_infrastructure_review
    ADD CONSTRAINT modules_infrastructure_review_pkey PRIMARY KEY (id);


--
-- Name: modules_software modules_software_pkey; Type: CONSTRAINT; Schema: public; Owner: postgres
--

ALTER TABLE ONLY public.modules_software
    ADD CONSTRAINT modules_software_pkey PRIMARY KEY (id);


--
-- Name: modules_softwareinstallation modules_softwareinstallation_pkey; Type: CONSTRAINT; Schema: public; Owner: postgres
--

ALTER TABLE ONLY public.modules_softwareinstallation
    ADD CONSTRAINT modules_softwareinstallation_pkey PRIMARY KEY (id);


--
-- Name: modules_vehicle_audit modules_vehicle_audit_pkey; Type: CONSTRAINT; Schema: public; Owner: postgres
--

ALTER TABLE ONLY public.modules_vehicle_audit
    ADD CONSTRAINT modules_vehicle_audit_pkey PRIMARY KEY (id);


--
-- Name: modules_vehicle_fuel modules_vehicle_fuel_pkey; Type: CONSTRAINT; Schema: public; Owner: postgres
--

ALTER TABLE ONLY public.modules_vehicle_fuel
    ADD CONSTRAINT modules_vehicle_fuel_pkey PRIMARY KEY (id);


--
-- Name: modules_vehicle_insurance modules_vehicle_insurance_pkey; Type: CONSTRAINT; Schema: public; Owner: postgres
--

ALTER TABLE ONLY public.modules_vehicle_insurance
    ADD CONSTRAINT modules_vehicle_insurance_pkey PRIMARY KEY (id);


--
-- Name: modules_vehicle_maintenance modules_vehicle_maintenance_pkey; Type: CONSTRAINT; Schema: public; Owner: postgres
--

ALTER TABLE ONLY public.modules_vehicle_maintenance
    ADD CONSTRAINT modules_vehicle_maintenance_pkey PRIMARY KEY (id);


--
-- Name: modules_vehicle modules_vehicle_pkey; Type: CONSTRAINT; Schema: public; Owner: postgres
--

ALTER TABLE ONLY public.modules_vehicle
    ADD CONSTRAINT modules_vehicle_pkey PRIMARY KEY (id);


--
-- Name: modules_vehicle_refrendo modules_vehicle_refrendo_pkey; Type: CONSTRAINT; Schema: public; Owner: postgres
--

ALTER TABLE ONLY public.modules_vehicle_refrendo
    ADD CONSTRAINT modules_vehicle_refrendo_pkey PRIMARY KEY (id);


--
-- Name: modules_vehicle_responsive modules_vehicle_responsive_pkey; Type: CONSTRAINT; Schema: public; Owner: postgres
--

ALTER TABLE ONLY public.modules_vehicle_responsive
    ADD CONSTRAINT modules_vehicle_responsive_pkey PRIMARY KEY (id);


--
-- Name: modules_vehicle_tenencia modules_vehicle_tenencia_pkey; Type: CONSTRAINT; Schema: public; Owner: postgres
--

ALTER TABLE ONLY public.modules_vehicle_tenencia
    ADD CONSTRAINT modules_vehicle_tenencia_pkey PRIMARY KEY (id);


--
-- Name: modules_vehicle_verificacion modules_vehicle_verificacion_pkey; Type: CONSTRAINT; Schema: public; Owner: postgres
--

ALTER TABLE ONLY public.modules_vehicle_verificacion
    ADD CONSTRAINT modules_vehicle_verificacion_pkey PRIMARY KEY (id);


--
-- Name: users_area users_area_code_key; Type: CONSTRAINT; Schema: public; Owner: postgres
--

ALTER TABLE ONLY public.users_area
    ADD CONSTRAINT users_area_code_key UNIQUE (code);


--
-- Name: users_area users_area_pkey; Type: CONSTRAINT; Schema: public; Owner: postgres
--

ALTER TABLE ONLY public.users_area
    ADD CONSTRAINT users_area_pkey PRIMARY KEY (id);


--
-- Name: users_company users_company_pkey; Type: CONSTRAINT; Schema: public; Owner: postgres
--

ALTER TABLE ONLY public.users_company
    ADD CONSTRAINT users_company_pkey PRIMARY KEY (id);


--
-- Name: users_module users_module_pkey; Type: CONSTRAINT; Schema: public; Owner: postgres
--

ALTER TABLE ONLY public.users_module
    ADD CONSTRAINT users_module_pkey PRIMARY KEY (id);


--
-- Name: users_provider users_provider_pkey; Type: CONSTRAINT; Schema: public; Owner: postgres
--

ALTER TABLE ONLY public.users_provider
    ADD CONSTRAINT users_provider_pkey PRIMARY KEY (id);


--
-- Name: users_role users_role_pkey; Type: CONSTRAINT; Schema: public; Owner: postgres
--

ALTER TABLE ONLY public.users_role
    ADD CONSTRAINT users_role_pkey PRIMARY KEY (id);


--
-- Name: users_submodule_permission users_submodule_permission_pkey; Type: CONSTRAINT; Schema: public; Owner: postgres
--

ALTER TABLE ONLY public.users_submodule_permission
    ADD CONSTRAINT users_submodule_permission_pkey PRIMARY KEY (id);


--
-- Name: users_submodule users_submodule_pkey; Type: CONSTRAINT; Schema: public; Owner: postgres
--

ALTER TABLE ONLY public.users_submodule
    ADD CONSTRAINT users_submodule_pkey PRIMARY KEY (id);


--
-- Name: users_user_access users_user_access_pkey; Type: CONSTRAINT; Schema: public; Owner: postgres
--

ALTER TABLE ONLY public.users_user_access
    ADD CONSTRAINT users_user_access_pkey PRIMARY KEY (id);


--
-- Name: auth_group_name_a6ea08ec_like; Type: INDEX; Schema: public; Owner: postgres
--

CREATE INDEX auth_group_name_a6ea08ec_like ON public.auth_group USING btree (name varchar_pattern_ops);


--
-- Name: auth_group_permissions_group_id_b120cbf9; Type: INDEX; Schema: public; Owner: postgres
--

CREATE INDEX auth_group_permissions_group_id_b120cbf9 ON public.auth_group_permissions USING btree (group_id);


--
-- Name: auth_group_permissions_permission_id_84c5c92e; Type: INDEX; Schema: public; Owner: postgres
--

CREATE INDEX auth_group_permissions_permission_id_84c5c92e ON public.auth_group_permissions USING btree (permission_id);


--
-- Name: auth_permission_content_type_id_2f476e4b; Type: INDEX; Schema: public; Owner: postgres
--

CREATE INDEX auth_permission_content_type_id_2f476e4b ON public.auth_permission USING btree (content_type_id);


--
-- Name: auth_user_groups_group_id_97559544; Type: INDEX; Schema: public; Owner: postgres
--

CREATE INDEX auth_user_groups_group_id_97559544 ON public.auth_user_groups USING btree (group_id);


--
-- Name: auth_user_groups_user_id_6a12ed8b; Type: INDEX; Schema: public; Owner: postgres
--

CREATE INDEX auth_user_groups_user_id_6a12ed8b ON public.auth_user_groups USING btree (user_id);


--
-- Name: auth_user_user_permissions_permission_id_1fbb5f2c; Type: INDEX; Schema: public; Owner: postgres
--

CREATE INDEX auth_user_user_permissions_permission_id_1fbb5f2c ON public.auth_user_user_permissions USING btree (permission_id);


--
-- Name: auth_user_user_permissions_user_id_a95ead1b; Type: INDEX; Schema: public; Owner: postgres
--

CREATE INDEX auth_user_user_permissions_user_id_a95ead1b ON public.auth_user_user_permissions USING btree (user_id);


--
-- Name: auth_user_username_6821ab7c_like; Type: INDEX; Schema: public; Owner: postgres
--

CREATE INDEX auth_user_username_6821ab7c_like ON public.auth_user USING btree (username varchar_pattern_ops);


--
-- Name: django_admin_log_content_type_id_c4bce8eb; Type: INDEX; Schema: public; Owner: postgres
--

CREATE INDEX django_admin_log_content_type_id_c4bce8eb ON public.django_admin_log USING btree (content_type_id);


--
-- Name: django_admin_log_user_id_c564eba6; Type: INDEX; Schema: public; Owner: postgres
--

CREATE INDEX django_admin_log_user_id_c564eba6 ON public.django_admin_log USING btree (user_id);


--
-- Name: django_session_expire_date_a5c62663; Type: INDEX; Schema: public; Owner: postgres
--

CREATE INDEX django_session_expire_date_a5c62663 ON public.django_session USING btree (expire_date);


--
-- Name: django_session_session_key_c0390e0f_like; Type: INDEX; Schema: public; Owner: postgres
--

CREATE INDEX django_session_session_key_c0390e0f_like ON public.django_session USING btree (session_key varchar_pattern_ops);


--
-- Name: modules_computerequipment__computerSystem_id_e335ca61; Type: INDEX; Schema: public; Owner: postgres
--

CREATE INDEX "modules_computerequipment__computerSystem_id_e335ca61" ON public.modules_computerequipment_maintenance USING btree ("computerSystem_id");


--
-- Name: modules_computerequipment_audit_computerSystem_id_2f64321a; Type: INDEX; Schema: public; Owner: postgres
--

CREATE INDEX "modules_computerequipment_audit_computerSystem_id_2f64321a" ON public.modules_computerequipment_audit USING btree ("computerSystem_id");


--
-- Name: modules_computerequipment_deliveries_responsible_id_df65e910; Type: INDEX; Schema: public; Owner: postgres
--

CREATE INDEX modules_computerequipment_deliveries_responsible_id_df65e910 ON public.modules_computerequipment_deliveries USING btree (responsible_id);


--
-- Name: modules_computerequipment_maintenance_provider_id_c17a3738; Type: INDEX; Schema: public; Owner: postgres
--

CREATE INDEX modules_computerequipment_maintenance_provider_id_c17a3738 ON public.modules_computerequipment_maintenance USING btree (provider_id);


--
-- Name: modules_computerequipment_maintenance_user_id_1e051c4a; Type: INDEX; Schema: public; Owner: postgres
--

CREATE INDEX modules_computerequipment_maintenance_user_id_1e051c4a ON public.modules_computerequipment_maintenance USING btree (user_id);


--
-- Name: modules_computerequipment_responsiva_area_id_00081c7b; Type: INDEX; Schema: public; Owner: postgres
--

CREATE INDEX modules_computerequipment_responsiva_area_id_00081c7b ON public.modules_computerequipment_responsiva USING btree (area_id);


--
-- Name: modules_computerequipment_responsiva_responsible_id_ab018ae0; Type: INDEX; Schema: public; Owner: postgres
--

CREATE INDEX modules_computerequipment_responsiva_responsible_id_ab018ae0 ON public.modules_computerequipment_responsiva USING btree (responsible_id);


--
-- Name: modules_computerperipheral_company_id_c7a4899a; Type: INDEX; Schema: public; Owner: postgres
--

CREATE INDEX modules_computerperipheral_company_id_c7a4899a ON public.modules_computerperipheral USING btree (company_id);


--
-- Name: modules_computerperipheral_responsible_id_8454decf; Type: INDEX; Schema: public; Owner: postgres
--

CREATE INDEX modules_computerperipheral_responsible_id_8454decf ON public.modules_computerperipheral USING btree (responsible_id);


--
-- Name: modules_computersystem_area_id_0654769f; Type: INDEX; Schema: public; Owner: postgres
--

CREATE INDEX modules_computersystem_area_id_0654769f ON public.modules_computersystem USING btree (area_id);


--
-- Name: modules_computersystem_company_id_556217f3; Type: INDEX; Schema: public; Owner: postgres
--

CREATE INDEX modules_computersystem_company_id_556217f3 ON public.modules_computersystem USING btree (company_id);


--
-- Name: modules_computersystem_current_responsible_id_a7bd4438; Type: INDEX; Schema: public; Owner: postgres
--

CREATE INDEX modules_computersystem_current_responsible_id_a7bd4438 ON public.modules_computersystem USING btree (current_responsible_id);


--
-- Name: modules_computersystem_previous_responsible_id_83b3856b; Type: INDEX; Schema: public; Owner: postgres
--

CREATE INDEX modules_computersystem_previous_responsible_id_83b3856b ON public.modules_computersystem USING btree (previous_responsible_id);


--
-- Name: modules_infrastructure_category_name_3c9594c8_like; Type: INDEX; Schema: public; Owner: postgres
--

CREATE INDEX modules_infrastructure_category_name_3c9594c8_like ON public.modules_infrastructure_category USING btree (name varchar_pattern_ops);


--
-- Name: modules_infrastructure_category_short_name_52a7430a_like; Type: INDEX; Schema: public; Owner: postgres
--

CREATE INDEX modules_infrastructure_category_short_name_52a7430a_like ON public.modules_infrastructure_category USING btree (short_name varchar_pattern_ops);


--
-- Name: modules_infrastructure_company_id_331d8d12; Type: INDEX; Schema: public; Owner: postgres
--

CREATE INDEX modules_infrastructure_company_id_331d8d12 ON public.modules_infrastructure USING btree (company_id);


--
-- Name: modules_infrastructure_item_category_id_efa18fd0; Type: INDEX; Schema: public; Owner: postgres
--

CREATE INDEX modules_infrastructure_item_category_id_efa18fd0 ON public.modules_infrastructure_item USING btree (category_id);


--
-- Name: modules_infrastructure_item_company_id_67433a26; Type: INDEX; Schema: public; Owner: postgres
--

CREATE INDEX modules_infrastructure_item_company_id_67433a26 ON public.modules_infrastructure_item USING btree (company_id);


--
-- Name: modules_infrastructure_provider_id_779f6713; Type: INDEX; Schema: public; Owner: postgres
--

CREATE INDEX modules_infrastructure_provider_id_779f6713 ON public.modules_infrastructure USING btree (provider_id);


--
-- Name: modules_infrastructure_responsible_id_302a3638; Type: INDEX; Schema: public; Owner: postgres
--

CREATE INDEX modules_infrastructure_responsible_id_302a3638 ON public.modules_infrastructure USING btree (responsible_id);


--
-- Name: modules_infrastructure_review_category_id_0ac04e60; Type: INDEX; Schema: public; Owner: postgres
--

CREATE INDEX modules_infrastructure_review_category_id_0ac04e60 ON public.modules_infrastructure_review USING btree (category_id);


--
-- Name: modules_infrastructure_review_item_id_1fe3fc36; Type: INDEX; Schema: public; Owner: postgres
--

CREATE INDEX modules_infrastructure_review_item_id_1fe3fc36 ON public.modules_infrastructure_review USING btree (item_id);


--
-- Name: modules_infrastructure_review_reviewer_id_9b51bd9c; Type: INDEX; Schema: public; Owner: postgres
--

CREATE INDEX modules_infrastructure_review_reviewer_id_9b51bd9c ON public.modules_infrastructure_review USING btree (reviewer_id);


--
-- Name: modules_software_company_id_1da34ade; Type: INDEX; Schema: public; Owner: postgres
--

CREATE INDEX modules_software_company_id_1da34ade ON public.modules_software USING btree (company_id);


--
-- Name: modules_softwareinstallation_computerSystem_id_d5100d42; Type: INDEX; Schema: public; Owner: postgres
--

CREATE INDEX "modules_softwareinstallation_computerSystem_id_d5100d42" ON public.modules_softwareinstallation USING btree ("computerSystem_id");


--
-- Name: modules_softwareinstallation_software_id_2bab30a1; Type: INDEX; Schema: public; Owner: postgres
--

CREATE INDEX modules_softwareinstallation_software_id_2bab30a1 ON public.modules_softwareinstallation USING btree (software_id);


--
-- Name: modules_vehicle_audit_vehicle_id_52d25c37; Type: INDEX; Schema: public; Owner: postgres
--

CREATE INDEX modules_vehicle_audit_vehicle_id_52d25c37 ON public.modules_vehicle_audit USING btree (vehicle_id);


--
-- Name: modules_vehicle_company_id_eef09dce; Type: INDEX; Schema: public; Owner: postgres
--

CREATE INDEX modules_vehicle_company_id_eef09dce ON public.modules_vehicle USING btree (company_id);


--
-- Name: modules_vehicle_fuel_responsible_id_a5d48ea7; Type: INDEX; Schema: public; Owner: postgres
--

CREATE INDEX modules_vehicle_fuel_responsible_id_a5d48ea7 ON public.modules_vehicle_fuel USING btree (responsible_id);


--
-- Name: modules_vehicle_fuel_vehicle_id_a39f54fc; Type: INDEX; Schema: public; Owner: postgres
--

CREATE INDEX modules_vehicle_fuel_vehicle_id_a39f54fc ON public.modules_vehicle_fuel USING btree (vehicle_id);


--
-- Name: modules_vehicle_insurance_responsible_id_57c347a0; Type: INDEX; Schema: public; Owner: postgres
--

CREATE INDEX modules_vehicle_insurance_responsible_id_57c347a0 ON public.modules_vehicle_insurance USING btree (responsible_id);


--
-- Name: modules_vehicle_insurance_vehicle_id_34622ca4; Type: INDEX; Schema: public; Owner: postgres
--

CREATE INDEX modules_vehicle_insurance_vehicle_id_34622ca4 ON public.modules_vehicle_insurance USING btree (vehicle_id);


--
-- Name: modules_vehicle_maintenance_provider_id_8fdf729c; Type: INDEX; Schema: public; Owner: postgres
--

CREATE INDEX modules_vehicle_maintenance_provider_id_8fdf729c ON public.modules_vehicle_maintenance USING btree (provider_id);


--
-- Name: modules_vehicle_maintenance_vehicle_id_e3f0a72b; Type: INDEX; Schema: public; Owner: postgres
--

CREATE INDEX modules_vehicle_maintenance_vehicle_id_e3f0a72b ON public.modules_vehicle_maintenance USING btree (vehicle_id);


--
-- Name: modules_vehicle_owner_id_b3692abd; Type: INDEX; Schema: public; Owner: postgres
--

CREATE INDEX modules_vehicle_owner_id_b3692abd ON public.modules_vehicle USING btree (owner_id);


--
-- Name: modules_vehicle_refrendo_vehiculo_id_df7ac465; Type: INDEX; Schema: public; Owner: postgres
--

CREATE INDEX modules_vehicle_refrendo_vehiculo_id_df7ac465 ON public.modules_vehicle_refrendo USING btree (vehiculo_id);


--
-- Name: modules_vehicle_responsible_id_3829ebf8; Type: INDEX; Schema: public; Owner: postgres
--

CREATE INDEX modules_vehicle_responsible_id_3829ebf8 ON public.modules_vehicle USING btree (responsible_id);


--
-- Name: modules_vehicle_responsive_responsible_id_9c8d2dc7; Type: INDEX; Schema: public; Owner: postgres
--

CREATE INDEX modules_vehicle_responsive_responsible_id_9c8d2dc7 ON public.modules_vehicle_responsive USING btree (responsible_id);


--
-- Name: modules_vehicle_responsive_vehicle_id_0e6cc8d7; Type: INDEX; Schema: public; Owner: postgres
--

CREATE INDEX modules_vehicle_responsive_vehicle_id_0e6cc8d7 ON public.modules_vehicle_responsive USING btree (vehicle_id);


--
-- Name: modules_vehicle_tenencia_vehiculo_id_23814a07; Type: INDEX; Schema: public; Owner: postgres
--

CREATE INDEX modules_vehicle_tenencia_vehiculo_id_23814a07 ON public.modules_vehicle_tenencia USING btree (vehiculo_id);


--
-- Name: modules_vehicle_verificacion_vehiculo_id_896d3453; Type: INDEX; Schema: public; Owner: postgres
--

CREATE INDEX modules_vehicle_verificacion_vehiculo_id_896d3453 ON public.modules_vehicle_verificacion USING btree (vehiculo_id);


--
-- Name: users_area_code_7cfaacf3_like; Type: INDEX; Schema: public; Owner: postgres
--

CREATE INDEX users_area_code_7cfaacf3_like ON public.users_area USING btree (code varchar_pattern_ops);


--
-- Name: users_area_company_id_3f13d6a0; Type: INDEX; Schema: public; Owner: postgres
--

CREATE INDEX users_area_company_id_3f13d6a0 ON public.users_area USING btree (company_id);


--
-- Name: users_provider_company_id_9a2be781; Type: INDEX; Schema: public; Owner: postgres
--

CREATE INDEX users_provider_company_id_9a2be781 ON public.users_provider USING btree (company_id);


--
-- Name: users_submodule_module_id_c02c53a8; Type: INDEX; Schema: public; Owner: postgres
--

CREATE INDEX users_submodule_module_id_c02c53a8 ON public.users_submodule USING btree (module_id);


--
-- Name: users_submodule_permission_subModule_id_ea902a10; Type: INDEX; Schema: public; Owner: postgres
--

CREATE INDEX "users_submodule_permission_subModule_id_ea902a10" ON public.users_submodule_permission USING btree ("subModule_id");


--
-- Name: users_submodule_permission_user_id_d08e3420; Type: INDEX; Schema: public; Owner: postgres
--

CREATE INDEX users_submodule_permission_user_id_d08e3420 ON public.users_submodule_permission USING btree (user_id);


--
-- Name: users_user_access_area_id_3f0663e9; Type: INDEX; Schema: public; Owner: postgres
--

CREATE INDEX users_user_access_area_id_3f0663e9 ON public.users_user_access USING btree (area_id);


--
-- Name: users_user_access_company_id_6e3008ab; Type: INDEX; Schema: public; Owner: postgres
--

CREATE INDEX users_user_access_company_id_6e3008ab ON public.users_user_access USING btree (company_id);


--
-- Name: users_user_access_role_id_b9520927; Type: INDEX; Schema: public; Owner: postgres
--

CREATE INDEX users_user_access_role_id_b9520927 ON public.users_user_access USING btree (role_id);


--
-- Name: users_user_access_user_id_cbed1703; Type: INDEX; Schema: public; Owner: postgres
--

CREATE INDEX users_user_access_user_id_cbed1703 ON public.users_user_access USING btree (user_id);


--
-- Name: auth_group_permissions auth_group_permissio_permission_id_84c5c92e_fk_auth_perm; Type: FK CONSTRAINT; Schema: public; Owner: postgres
--

ALTER TABLE ONLY public.auth_group_permissions
    ADD CONSTRAINT auth_group_permissio_permission_id_84c5c92e_fk_auth_perm FOREIGN KEY (permission_id) REFERENCES public.auth_permission(id) DEFERRABLE INITIALLY DEFERRED;


--
-- Name: auth_group_permissions auth_group_permissions_group_id_b120cbf9_fk_auth_group_id; Type: FK CONSTRAINT; Schema: public; Owner: postgres
--

ALTER TABLE ONLY public.auth_group_permissions
    ADD CONSTRAINT auth_group_permissions_group_id_b120cbf9_fk_auth_group_id FOREIGN KEY (group_id) REFERENCES public.auth_group(id) DEFERRABLE INITIALLY DEFERRED;


--
-- Name: auth_permission auth_permission_content_type_id_2f476e4b_fk_django_co; Type: FK CONSTRAINT; Schema: public; Owner: postgres
--

ALTER TABLE ONLY public.auth_permission
    ADD CONSTRAINT auth_permission_content_type_id_2f476e4b_fk_django_co FOREIGN KEY (content_type_id) REFERENCES public.django_content_type(id) DEFERRABLE INITIALLY DEFERRED;


--
-- Name: auth_user_groups auth_user_groups_group_id_97559544_fk_auth_group_id; Type: FK CONSTRAINT; Schema: public; Owner: postgres
--

ALTER TABLE ONLY public.auth_user_groups
    ADD CONSTRAINT auth_user_groups_group_id_97559544_fk_auth_group_id FOREIGN KEY (group_id) REFERENCES public.auth_group(id) DEFERRABLE INITIALLY DEFERRED;


--
-- Name: auth_user_groups auth_user_groups_user_id_6a12ed8b_fk_auth_user_id; Type: FK CONSTRAINT; Schema: public; Owner: postgres
--

ALTER TABLE ONLY public.auth_user_groups
    ADD CONSTRAINT auth_user_groups_user_id_6a12ed8b_fk_auth_user_id FOREIGN KEY (user_id) REFERENCES public.auth_user(id) DEFERRABLE INITIALLY DEFERRED;


--
-- Name: auth_user_user_permissions auth_user_user_permi_permission_id_1fbb5f2c_fk_auth_perm; Type: FK CONSTRAINT; Schema: public; Owner: postgres
--

ALTER TABLE ONLY public.auth_user_user_permissions
    ADD CONSTRAINT auth_user_user_permi_permission_id_1fbb5f2c_fk_auth_perm FOREIGN KEY (permission_id) REFERENCES public.auth_permission(id) DEFERRABLE INITIALLY DEFERRED;


--
-- Name: auth_user_user_permissions auth_user_user_permissions_user_id_a95ead1b_fk_auth_user_id; Type: FK CONSTRAINT; Schema: public; Owner: postgres
--

ALTER TABLE ONLY public.auth_user_user_permissions
    ADD CONSTRAINT auth_user_user_permissions_user_id_a95ead1b_fk_auth_user_id FOREIGN KEY (user_id) REFERENCES public.auth_user(id) DEFERRABLE INITIALLY DEFERRED;


--
-- Name: django_admin_log django_admin_log_content_type_id_c4bce8eb_fk_django_co; Type: FK CONSTRAINT; Schema: public; Owner: postgres
--

ALTER TABLE ONLY public.django_admin_log
    ADD CONSTRAINT django_admin_log_content_type_id_c4bce8eb_fk_django_co FOREIGN KEY (content_type_id) REFERENCES public.django_content_type(id) DEFERRABLE INITIALLY DEFERRED;


--
-- Name: django_admin_log django_admin_log_user_id_c564eba6_fk_auth_user_id; Type: FK CONSTRAINT; Schema: public; Owner: postgres
--

ALTER TABLE ONLY public.django_admin_log
    ADD CONSTRAINT django_admin_log_user_id_c564eba6_fk_auth_user_id FOREIGN KEY (user_id) REFERENCES public.auth_user(id) DEFERRABLE INITIALLY DEFERRED;


--
-- Name: modules_computerequipment_responsiva modules_computerequi_area_id_00081c7b_fk_users_are; Type: FK CONSTRAINT; Schema: public; Owner: postgres
--

ALTER TABLE ONLY public.modules_computerequipment_responsiva
    ADD CONSTRAINT modules_computerequi_area_id_00081c7b_fk_users_are FOREIGN KEY (area_id) REFERENCES public.users_area(id) DEFERRABLE INITIALLY DEFERRED;


--
-- Name: modules_computerequipment_audit modules_computerequi_computerSystem_id_2f64321a_fk_modules_c; Type: FK CONSTRAINT; Schema: public; Owner: postgres
--

ALTER TABLE ONLY public.modules_computerequipment_audit
    ADD CONSTRAINT "modules_computerequi_computerSystem_id_2f64321a_fk_modules_c" FOREIGN KEY ("computerSystem_id") REFERENCES public.modules_computersystem(id) DEFERRABLE INITIALLY DEFERRED;


--
-- Name: modules_computerequipment_maintenance modules_computerequi_computerSystem_id_e335ca61_fk_modules_c; Type: FK CONSTRAINT; Schema: public; Owner: postgres
--

ALTER TABLE ONLY public.modules_computerequipment_maintenance
    ADD CONSTRAINT "modules_computerequi_computerSystem_id_e335ca61_fk_modules_c" FOREIGN KEY ("computerSystem_id") REFERENCES public.modules_computersystem(id) DEFERRABLE INITIALLY DEFERRED;


--
-- Name: modules_computerequipment_maintenance modules_computerequi_provider_id_c17a3738_fk_users_pro; Type: FK CONSTRAINT; Schema: public; Owner: postgres
--

ALTER TABLE ONLY public.modules_computerequipment_maintenance
    ADD CONSTRAINT modules_computerequi_provider_id_c17a3738_fk_users_pro FOREIGN KEY (provider_id) REFERENCES public.users_provider(id) DEFERRABLE INITIALLY DEFERRED;


--
-- Name: modules_computerequipment_responsiva modules_computerequi_responsible_id_ab018ae0_fk_auth_user; Type: FK CONSTRAINT; Schema: public; Owner: postgres
--

ALTER TABLE ONLY public.modules_computerequipment_responsiva
    ADD CONSTRAINT modules_computerequi_responsible_id_ab018ae0_fk_auth_user FOREIGN KEY (responsible_id) REFERENCES public.auth_user(id) DEFERRABLE INITIALLY DEFERRED;


--
-- Name: modules_computerequipment_deliveries modules_computerequi_responsible_id_df65e910_fk_auth_user; Type: FK CONSTRAINT; Schema: public; Owner: postgres
--

ALTER TABLE ONLY public.modules_computerequipment_deliveries
    ADD CONSTRAINT modules_computerequi_responsible_id_df65e910_fk_auth_user FOREIGN KEY (responsible_id) REFERENCES public.auth_user(id) DEFERRABLE INITIALLY DEFERRED;


--
-- Name: modules_computerequipment_maintenance modules_computerequi_user_id_1e051c4a_fk_auth_user; Type: FK CONSTRAINT; Schema: public; Owner: postgres
--

ALTER TABLE ONLY public.modules_computerequipment_maintenance
    ADD CONSTRAINT modules_computerequi_user_id_1e051c4a_fk_auth_user FOREIGN KEY (user_id) REFERENCES public.auth_user(id) DEFERRABLE INITIALLY DEFERRED;


--
-- Name: modules_computerperipheral modules_computerperi_company_id_c7a4899a_fk_users_com; Type: FK CONSTRAINT; Schema: public; Owner: postgres
--

ALTER TABLE ONLY public.modules_computerperipheral
    ADD CONSTRAINT modules_computerperi_company_id_c7a4899a_fk_users_com FOREIGN KEY (company_id) REFERENCES public.users_company(id) DEFERRABLE INITIALLY DEFERRED;


--
-- Name: modules_computerperipheral modules_computerperi_responsible_id_8454decf_fk_auth_user; Type: FK CONSTRAINT; Schema: public; Owner: postgres
--

ALTER TABLE ONLY public.modules_computerperipheral
    ADD CONSTRAINT modules_computerperi_responsible_id_8454decf_fk_auth_user FOREIGN KEY (responsible_id) REFERENCES public.auth_user(id) DEFERRABLE INITIALLY DEFERRED;


--
-- Name: modules_computersystem modules_computersyst_current_responsible__a7bd4438_fk_auth_user; Type: FK CONSTRAINT; Schema: public; Owner: postgres
--

ALTER TABLE ONLY public.modules_computersystem
    ADD CONSTRAINT modules_computersyst_current_responsible__a7bd4438_fk_auth_user FOREIGN KEY (current_responsible_id) REFERENCES public.auth_user(id) DEFERRABLE INITIALLY DEFERRED;


--
-- Name: modules_computersystem modules_computersyst_previous_responsible_83b3856b_fk_auth_user; Type: FK CONSTRAINT; Schema: public; Owner: postgres
--

ALTER TABLE ONLY public.modules_computersystem
    ADD CONSTRAINT modules_computersyst_previous_responsible_83b3856b_fk_auth_user FOREIGN KEY (previous_responsible_id) REFERENCES public.auth_user(id) DEFERRABLE INITIALLY DEFERRED;


--
-- Name: modules_computersystem modules_computersystem_area_id_0654769f_fk_users_area_id; Type: FK CONSTRAINT; Schema: public; Owner: postgres
--

ALTER TABLE ONLY public.modules_computersystem
    ADD CONSTRAINT modules_computersystem_area_id_0654769f_fk_users_area_id FOREIGN KEY (area_id) REFERENCES public.users_area(id) DEFERRABLE INITIALLY DEFERRED;


--
-- Name: modules_computersystem modules_computersystem_company_id_556217f3_fk_users_company_id; Type: FK CONSTRAINT; Schema: public; Owner: postgres
--

ALTER TABLE ONLY public.modules_computersystem
    ADD CONSTRAINT modules_computersystem_company_id_556217f3_fk_users_company_id FOREIGN KEY (company_id) REFERENCES public.users_company(id) DEFERRABLE INITIALLY DEFERRED;


--
-- Name: modules_infrastructure_review modules_infrastructu_category_id_0ac04e60_fk_modules_i; Type: FK CONSTRAINT; Schema: public; Owner: postgres
--

ALTER TABLE ONLY public.modules_infrastructure_review
    ADD CONSTRAINT modules_infrastructu_category_id_0ac04e60_fk_modules_i FOREIGN KEY (category_id) REFERENCES public.modules_infrastructure_category(id) DEFERRABLE INITIALLY DEFERRED;


--
-- Name: modules_infrastructure_item modules_infrastructu_category_id_efa18fd0_fk_modules_i; Type: FK CONSTRAINT; Schema: public; Owner: postgres
--

ALTER TABLE ONLY public.modules_infrastructure_item
    ADD CONSTRAINT modules_infrastructu_category_id_efa18fd0_fk_modules_i FOREIGN KEY (category_id) REFERENCES public.modules_infrastructure_category(id) DEFERRABLE INITIALLY DEFERRED;


--
-- Name: modules_infrastructure_item modules_infrastructu_company_id_67433a26_fk_users_com; Type: FK CONSTRAINT; Schema: public; Owner: postgres
--

ALTER TABLE ONLY public.modules_infrastructure_item
    ADD CONSTRAINT modules_infrastructu_company_id_67433a26_fk_users_com FOREIGN KEY (company_id) REFERENCES public.users_company(id) DEFERRABLE INITIALLY DEFERRED;


--
-- Name: modules_infrastructure_review modules_infrastructu_item_id_1fe3fc36_fk_modules_i; Type: FK CONSTRAINT; Schema: public; Owner: postgres
--

ALTER TABLE ONLY public.modules_infrastructure_review
    ADD CONSTRAINT modules_infrastructu_item_id_1fe3fc36_fk_modules_i FOREIGN KEY (item_id) REFERENCES public.modules_infrastructure_item(id) DEFERRABLE INITIALLY DEFERRED;


--
-- Name: modules_infrastructure modules_infrastructu_provider_id_779f6713_fk_users_pro; Type: FK CONSTRAINT; Schema: public; Owner: postgres
--

ALTER TABLE ONLY public.modules_infrastructure
    ADD CONSTRAINT modules_infrastructu_provider_id_779f6713_fk_users_pro FOREIGN KEY (provider_id) REFERENCES public.users_provider(id) DEFERRABLE INITIALLY DEFERRED;


--
-- Name: modules_infrastructure_review modules_infrastructu_reviewer_id_9b51bd9c_fk_auth_user; Type: FK CONSTRAINT; Schema: public; Owner: postgres
--

ALTER TABLE ONLY public.modules_infrastructure_review
    ADD CONSTRAINT modules_infrastructu_reviewer_id_9b51bd9c_fk_auth_user FOREIGN KEY (reviewer_id) REFERENCES public.auth_user(id) DEFERRABLE INITIALLY DEFERRED;


--
-- Name: modules_infrastructure modules_infrastructure_company_id_331d8d12_fk_users_company_id; Type: FK CONSTRAINT; Schema: public; Owner: postgres
--

ALTER TABLE ONLY public.modules_infrastructure
    ADD CONSTRAINT modules_infrastructure_company_id_331d8d12_fk_users_company_id FOREIGN KEY (company_id) REFERENCES public.users_company(id) DEFERRABLE INITIALLY DEFERRED;


--
-- Name: modules_infrastructure modules_infrastructure_responsible_id_302a3638_fk_auth_user_id; Type: FK CONSTRAINT; Schema: public; Owner: postgres
--

ALTER TABLE ONLY public.modules_infrastructure
    ADD CONSTRAINT modules_infrastructure_responsible_id_302a3638_fk_auth_user_id FOREIGN KEY (responsible_id) REFERENCES public.auth_user(id) DEFERRABLE INITIALLY DEFERRED;


--
-- Name: modules_software modules_software_company_id_1da34ade_fk_users_company_id; Type: FK CONSTRAINT; Schema: public; Owner: postgres
--

ALTER TABLE ONLY public.modules_software
    ADD CONSTRAINT modules_software_company_id_1da34ade_fk_users_company_id FOREIGN KEY (company_id) REFERENCES public.users_company(id) DEFERRABLE INITIALLY DEFERRED;


--
-- Name: modules_softwareinstallation modules_softwareinst_computerSystem_id_d5100d42_fk_modules_c; Type: FK CONSTRAINT; Schema: public; Owner: postgres
--

ALTER TABLE ONLY public.modules_softwareinstallation
    ADD CONSTRAINT "modules_softwareinst_computerSystem_id_d5100d42_fk_modules_c" FOREIGN KEY ("computerSystem_id") REFERENCES public.modules_computersystem(id) DEFERRABLE INITIALLY DEFERRED;


--
-- Name: modules_softwareinstallation modules_softwareinst_software_id_2bab30a1_fk_modules_s; Type: FK CONSTRAINT; Schema: public; Owner: postgres
--

ALTER TABLE ONLY public.modules_softwareinstallation
    ADD CONSTRAINT modules_softwareinst_software_id_2bab30a1_fk_modules_s FOREIGN KEY (software_id) REFERENCES public.modules_software(id) DEFERRABLE INITIALLY DEFERRED;


--
-- Name: modules_vehicle_audit modules_vehicle_audit_vehicle_id_52d25c37_fk_modules_vehicle_id; Type: FK CONSTRAINT; Schema: public; Owner: postgres
--

ALTER TABLE ONLY public.modules_vehicle_audit
    ADD CONSTRAINT modules_vehicle_audit_vehicle_id_52d25c37_fk_modules_vehicle_id FOREIGN KEY (vehicle_id) REFERENCES public.modules_vehicle(id) DEFERRABLE INITIALLY DEFERRED;


--
-- Name: modules_vehicle modules_vehicle_company_id_eef09dce_fk_users_company_id; Type: FK CONSTRAINT; Schema: public; Owner: postgres
--

ALTER TABLE ONLY public.modules_vehicle
    ADD CONSTRAINT modules_vehicle_company_id_eef09dce_fk_users_company_id FOREIGN KEY (company_id) REFERENCES public.users_company(id) DEFERRABLE INITIALLY DEFERRED;


--
-- Name: modules_vehicle_fuel modules_vehicle_fuel_responsible_id_a5d48ea7_fk_auth_user_id; Type: FK CONSTRAINT; Schema: public; Owner: postgres
--

ALTER TABLE ONLY public.modules_vehicle_fuel
    ADD CONSTRAINT modules_vehicle_fuel_responsible_id_a5d48ea7_fk_auth_user_id FOREIGN KEY (responsible_id) REFERENCES public.auth_user(id) DEFERRABLE INITIALLY DEFERRED;


--
-- Name: modules_vehicle_fuel modules_vehicle_fuel_vehicle_id_a39f54fc_fk_modules_vehicle_id; Type: FK CONSTRAINT; Schema: public; Owner: postgres
--

ALTER TABLE ONLY public.modules_vehicle_fuel
    ADD CONSTRAINT modules_vehicle_fuel_vehicle_id_a39f54fc_fk_modules_vehicle_id FOREIGN KEY (vehicle_id) REFERENCES public.modules_vehicle(id) DEFERRABLE INITIALLY DEFERRED;


--
-- Name: modules_vehicle_insurance modules_vehicle_insu_responsible_id_57c347a0_fk_auth_user; Type: FK CONSTRAINT; Schema: public; Owner: postgres
--

ALTER TABLE ONLY public.modules_vehicle_insurance
    ADD CONSTRAINT modules_vehicle_insu_responsible_id_57c347a0_fk_auth_user FOREIGN KEY (responsible_id) REFERENCES public.auth_user(id) DEFERRABLE INITIALLY DEFERRED;


--
-- Name: modules_vehicle_insurance modules_vehicle_insu_vehicle_id_34622ca4_fk_modules_v; Type: FK CONSTRAINT; Schema: public; Owner: postgres
--

ALTER TABLE ONLY public.modules_vehicle_insurance
    ADD CONSTRAINT modules_vehicle_insu_vehicle_id_34622ca4_fk_modules_v FOREIGN KEY (vehicle_id) REFERENCES public.modules_vehicle(id) DEFERRABLE INITIALLY DEFERRED;


--
-- Name: modules_vehicle_maintenance modules_vehicle_main_provider_id_8fdf729c_fk_users_pro; Type: FK CONSTRAINT; Schema: public; Owner: postgres
--

ALTER TABLE ONLY public.modules_vehicle_maintenance
    ADD CONSTRAINT modules_vehicle_main_provider_id_8fdf729c_fk_users_pro FOREIGN KEY (provider_id) REFERENCES public.users_provider(id) DEFERRABLE INITIALLY DEFERRED;


--
-- Name: modules_vehicle_maintenance modules_vehicle_main_vehicle_id_e3f0a72b_fk_modules_v; Type: FK CONSTRAINT; Schema: public; Owner: postgres
--

ALTER TABLE ONLY public.modules_vehicle_maintenance
    ADD CONSTRAINT modules_vehicle_main_vehicle_id_e3f0a72b_fk_modules_v FOREIGN KEY (vehicle_id) REFERENCES public.modules_vehicle(id) DEFERRABLE INITIALLY DEFERRED;


--
-- Name: modules_vehicle modules_vehicle_owner_id_b3692abd_fk_auth_user_id; Type: FK CONSTRAINT; Schema: public; Owner: postgres
--

ALTER TABLE ONLY public.modules_vehicle
    ADD CONSTRAINT modules_vehicle_owner_id_b3692abd_fk_auth_user_id FOREIGN KEY (owner_id) REFERENCES public.auth_user(id) DEFERRABLE INITIALLY DEFERRED;


--
-- Name: modules_vehicle_refrendo modules_vehicle_refr_vehiculo_id_df7ac465_fk_modules_v; Type: FK CONSTRAINT; Schema: public; Owner: postgres
--

ALTER TABLE ONLY public.modules_vehicle_refrendo
    ADD CONSTRAINT modules_vehicle_refr_vehiculo_id_df7ac465_fk_modules_v FOREIGN KEY (vehiculo_id) REFERENCES public.modules_vehicle(id) DEFERRABLE INITIALLY DEFERRED;


--
-- Name: modules_vehicle_responsive modules_vehicle_resp_responsible_id_9c8d2dc7_fk_auth_user; Type: FK CONSTRAINT; Schema: public; Owner: postgres
--

ALTER TABLE ONLY public.modules_vehicle_responsive
    ADD CONSTRAINT modules_vehicle_resp_responsible_id_9c8d2dc7_fk_auth_user FOREIGN KEY (responsible_id) REFERENCES public.auth_user(id) DEFERRABLE INITIALLY DEFERRED;


--
-- Name: modules_vehicle_responsive modules_vehicle_resp_vehicle_id_0e6cc8d7_fk_modules_v; Type: FK CONSTRAINT; Schema: public; Owner: postgres
--

ALTER TABLE ONLY public.modules_vehicle_responsive
    ADD CONSTRAINT modules_vehicle_resp_vehicle_id_0e6cc8d7_fk_modules_v FOREIGN KEY (vehicle_id) REFERENCES public.modules_vehicle(id) DEFERRABLE INITIALLY DEFERRED;


--
-- Name: modules_vehicle modules_vehicle_responsible_id_3829ebf8_fk_auth_user_id; Type: FK CONSTRAINT; Schema: public; Owner: postgres
--

ALTER TABLE ONLY public.modules_vehicle
    ADD CONSTRAINT modules_vehicle_responsible_id_3829ebf8_fk_auth_user_id FOREIGN KEY (responsible_id) REFERENCES public.auth_user(id) DEFERRABLE INITIALLY DEFERRED;


--
-- Name: modules_vehicle_tenencia modules_vehicle_tene_vehiculo_id_23814a07_fk_modules_v; Type: FK CONSTRAINT; Schema: public; Owner: postgres
--

ALTER TABLE ONLY public.modules_vehicle_tenencia
    ADD CONSTRAINT modules_vehicle_tene_vehiculo_id_23814a07_fk_modules_v FOREIGN KEY (vehiculo_id) REFERENCES public.modules_vehicle(id) DEFERRABLE INITIALLY DEFERRED;


--
-- Name: modules_vehicle_verificacion modules_vehicle_veri_vehiculo_id_896d3453_fk_modules_v; Type: FK CONSTRAINT; Schema: public; Owner: postgres
--

ALTER TABLE ONLY public.modules_vehicle_verificacion
    ADD CONSTRAINT modules_vehicle_veri_vehiculo_id_896d3453_fk_modules_v FOREIGN KEY (vehiculo_id) REFERENCES public.modules_vehicle(id) DEFERRABLE INITIALLY DEFERRED;


--
-- Name: users_area users_area_company_id_3f13d6a0_fk_users_company_id; Type: FK CONSTRAINT; Schema: public; Owner: postgres
--

ALTER TABLE ONLY public.users_area
    ADD CONSTRAINT users_area_company_id_3f13d6a0_fk_users_company_id FOREIGN KEY (company_id) REFERENCES public.users_company(id) DEFERRABLE INITIALLY DEFERRED;


--
-- Name: users_provider users_provider_company_id_9a2be781_fk_users_company_id; Type: FK CONSTRAINT; Schema: public; Owner: postgres
--

ALTER TABLE ONLY public.users_provider
    ADD CONSTRAINT users_provider_company_id_9a2be781_fk_users_company_id FOREIGN KEY (company_id) REFERENCES public.users_company(id) DEFERRABLE INITIALLY DEFERRED;


--
-- Name: users_submodule users_submodule_module_id_c02c53a8_fk_users_module_id; Type: FK CONSTRAINT; Schema: public; Owner: postgres
--

ALTER TABLE ONLY public.users_submodule
    ADD CONSTRAINT users_submodule_module_id_c02c53a8_fk_users_module_id FOREIGN KEY (module_id) REFERENCES public.users_module(id) DEFERRABLE INITIALLY DEFERRED;


--
-- Name: users_submodule_permission users_submodule_perm_subModule_id_ea902a10_fk_users_sub; Type: FK CONSTRAINT; Schema: public; Owner: postgres
--

ALTER TABLE ONLY public.users_submodule_permission
    ADD CONSTRAINT "users_submodule_perm_subModule_id_ea902a10_fk_users_sub" FOREIGN KEY ("subModule_id") REFERENCES public.users_submodule(id) DEFERRABLE INITIALLY DEFERRED;


--
-- Name: users_submodule_permission users_submodule_perm_user_id_d08e3420_fk_users_use; Type: FK CONSTRAINT; Schema: public; Owner: postgres
--

ALTER TABLE ONLY public.users_submodule_permission
    ADD CONSTRAINT users_submodule_perm_user_id_d08e3420_fk_users_use FOREIGN KEY (user_id) REFERENCES public.users_user_access(id) DEFERRABLE INITIALLY DEFERRED;


--
-- Name: users_user_access users_user_access_area_id_3f0663e9_fk_users_area_id; Type: FK CONSTRAINT; Schema: public; Owner: postgres
--

ALTER TABLE ONLY public.users_user_access
    ADD CONSTRAINT users_user_access_area_id_3f0663e9_fk_users_area_id FOREIGN KEY (area_id) REFERENCES public.users_area(id) DEFERRABLE INITIALLY DEFERRED;


--
-- Name: users_user_access users_user_access_company_id_6e3008ab_fk_users_company_id; Type: FK CONSTRAINT; Schema: public; Owner: postgres
--

ALTER TABLE ONLY public.users_user_access
    ADD CONSTRAINT users_user_access_company_id_6e3008ab_fk_users_company_id FOREIGN KEY (company_id) REFERENCES public.users_company(id) DEFERRABLE INITIALLY DEFERRED;


--
-- Name: users_user_access users_user_access_role_id_b9520927_fk_users_role_id; Type: FK CONSTRAINT; Schema: public; Owner: postgres
--

ALTER TABLE ONLY public.users_user_access
    ADD CONSTRAINT users_user_access_role_id_b9520927_fk_users_role_id FOREIGN KEY (role_id) REFERENCES public.users_role(id) DEFERRABLE INITIALLY DEFERRED;


--
-- Name: users_user_access users_user_access_user_id_cbed1703_fk_auth_user_id; Type: FK CONSTRAINT; Schema: public; Owner: postgres
--

ALTER TABLE ONLY public.users_user_access
    ADD CONSTRAINT users_user_access_user_id_cbed1703_fk_auth_user_id FOREIGN KEY (user_id) REFERENCES public.auth_user(id) DEFERRABLE INITIALLY DEFERRED;


--
-- PostgreSQL database dump complete
--

